Name,Smiles,mol-block,atom_sym,spin-density,bur-vol,fractional_spin
TPM_1,Clc1c(Cl)c(Cl)c([C](c2c(Cl)c(Cl)c(Cl)c(Cl)c2Cl)c2c(Cl)c(Cl)c(Cl)c(Cl)c2Cl)c(Cl)c1Cl,"TPM_1.log
     RDKit          3D

 34 36  0  0  0  0  0  0  0  0999 V2000
   -2.4813   -0.3063   -1.7163 Cl  0  0  0  0  0  0  0  0  0  0  0  0
   -1.9434   -1.4710   -0.5713 C   0  0  0  0  0  0  0  0  0  0  0  0
   -2.6697   -2.6499   -0.4351 C   0  0  0  0  0  0  0  0  0  0  0  0
   -4.1139   -2.8873   -1.3263 Cl  0  0  0  0  0  0  0  0  0  0  0  0
   -2.2089   -3.6533    0.4140 C   0  0  0  0  0  0  0  0  0  0  0  0
   -3.0912   -5.1104    0.5792 Cl  0  0  0  0  0  0  0  0  0  0  0  0
   -1.0274   -3.4675    1.1280 C   0  0  0  0  0  0  0  0  0  0  0  0
   -0.4710   -4.6962    2.1848 Cl  0  0  0  0  0  0  0  0  0  0  0  0
   -0.3186   -2.2774    0.9956 C   0  0  0  0  0  0  0  0  0  0  0  0
    1.0705   -2.0383    1.9803 Cl  0  0  0  0  0  0  0  0  0  0  0  0
   -0.7559   -1.2547    0.1420 C   0  0  0  0  0  0  0  0  0  0  0  0
    0.0019   -0.0006    0.0006 C   0  0  0  0  0  3  0  0  0  0  0  0
   -0.6842    1.2932    0.1494 C   0  0  0  0  0  0  0  0  0  0  0  0
   -0.5574    2.2998   -0.8185 C   0  0  0  0  0  0  0  0  0  0  0  0
    0.3294    1.9980   -2.2604 Cl  0  0  0  0  0  0  0  0  0  0  0  0
   -1.1981    3.5271   -0.6801 C   0  0  0  0  0  0  0  0  0  0  0  0
   -1.0297    4.7354   -1.8838 Cl  0  0  0  0  0  0  0  0  0  0  0  0
   -1.9997    3.7688    0.4332 C   0  0  0  0  0  0  0  0  0  0  0  0
   -2.7984    5.2725    0.6054 Cl  0  0  0  0  0  0  0  0  0  0  0  0
   -2.1489    2.7829    1.4059 C   0  0  0  0  0  0  0  0  0  0  0  0
   -3.1206    3.0893    2.7838 Cl  0  0  0  0  0  0  0  0  0  0  0  0
   -1.4904    1.5654    1.2640 C   0  0  0  0  0  0  0  0  0  0  0  0
   -1.6051    0.4195    2.5411 Cl  0  0  0  0  0  0  0  0  0  0  0  0
    1.4442   -0.0403   -0.2899 C   0  0  0  0  0  0  0  0  0  0  0  0
    2.3622    0.6870    0.4811 C   0  0  0  0  0  0  0  0  0  0  0  0
    1.8227    1.5611    1.8600 Cl  0  0  0  0  0  0  0  0  0  0  0  0
    3.7256    0.6616    0.2047 C   0  0  0  0  0  0  0  0  0  0  0  0
    4.8235    1.5581    1.1673 Cl  0  0  0  0  0  0  0  0  0  0  0  0
    4.2048   -0.1143   -0.8483 C   0  0  0  0  0  0  0  0  0  0  0  0
    5.8814   -0.1587   -1.1884 Cl  0  0  0  0  0  0  0  0  0  0  0  0
    3.3151   -0.8542   -1.6238 C   0  0  0  0  0  0  0  0  0  0  0  0
    3.9052   -1.7961   -2.9282 Cl  0  0  0  0  0  0  0  0  0  0  0  0
    1.9521   -0.8063   -1.3489 C   0  0  0  0  0  0  0  0  0  0  0  0
    0.8753   -1.6369   -2.4013 Cl  0  0  0  0  0  0  0  0  0  0  0  0
  1  2  1  0
  2  3  2  0
  2 11  1  0
  3  5  1  0
  4  3  1  0
  5  6  1  0
  5  7  2  0
  7  8  1  0
  9  7  1  0
  9 10  1  0
 11  9  2  0
 12 11  1  0
 12 13  1  0
 13 22  2  0
 14 16  2  0
 14 13  1  0
 15 14  1  0
 16 18  1  0
 17 16  1  0
 18 19  1  0
 18 20  2  0
 20 21  1  0
 22 20  1  0
 22 23  1  0
 24 12  1  0
 24 25  2  0
 25 26  1  0
 27 25  1  0
 27 28  1  0
 29 27  2  0
 30 29  1  0
 31 33  2  0
 31 29  1  0
 32 31  1  0
 33 24  1  0
 34 33  1  0
M  RAD  1  12   2
M  END
",C,1.010343,84.82954956861741,0.42748777948103683
CP-iPr_1,[H]C([H])([H])C([H])(N([C]1C(N(C([H])(C([H])([H])[H])C([H])([H])[H])C([H])(C([H])([H])[H])C([H])([H])[H])=C1N(C([H])(C([H])([H])[H])C([H])([H])[H])C([H])(C([H])([H])[H])C([H])([H])[H])C([H])(C([H])([H])[H])C([H])([H])[H])C([H])([H])[H],"CP-iPr_1.log
     RDKit          3D

 66 66  0  0  1  0  0  0  0  0999 V2000
    1.1676    3.9298   -0.5152 C   0  0  0  0  0  0  0  0  0  0  0  0
    0.6877    2.7248   -1.3069 C   0  0  0  0  0  0  0  0  0  0  0  0
    0.2160    3.0970   -2.7090 C   0  0  0  0  0  0  0  0  0  0  0  0
   -0.3171    1.9039   -0.5739 N   0  0  0  0  0  0  0  0  0  0  0  0
   -1.5204    2.5046    0.0749 C   0  0  0  0  0  0  0  0  0  0  0  0
   -2.2540    3.4912   -0.8147 C   0  0  0  0  0  0  0  0  0  0  0  0
   -1.1705    3.0959    1.4384 C   0  0  0  0  0  0  0  0  0  0  0  0
   -0.0580    0.6441   -0.3546 C   0  0  0  0  0  3  0  0  0  0  0  0
    0.8671   -0.4181   -0.3320 C   0  0  0  0  0  0  0  0  0  0  0  0
    2.0472   -0.9060   -0.6150 N   0  0  0  0  0  0  0  0  0  0  0  0
    2.6350   -2.0457    0.1458 C   0  0  0  0  0  0  0  0  0  0  0  0
    2.1262   -3.3660   -0.4183 C   0  0  0  0  0  0  0  0  0  0  0  0
    2.5224   -1.8404    1.6484 C   0  0  0  0  0  0  0  0  0  0  0  0
    2.9031   -0.4055   -1.7292 C   0  0  0  0  0  0  0  0  0  0  0  0
    3.8367    0.6899   -1.2320 C   0  0  0  0  0  0  0  0  0  0  0  0
    2.1078   -0.0981   -2.9848 C   0  0  0  0  0  0  0  0  0  0  0  0
   -0.4080   -0.5795    0.2494 C   0  0  0  0  0  0  0  0  0  0  0  0
   -1.3263   -1.3335    0.7851 N   0  0  0  0  0  0  0  0  0  0  0  0
   -2.6951   -0.7491    0.9280 C   0  0  0  0  0  0  0  0  0  0  0  0
   -3.8196   -1.7491    0.7288 C   0  0  0  0  0  0  0  0  0  0  0  0
   -2.8158    0.0063    2.2459 C   0  0  0  0  0  0  0  0  0  0  0  0
   -0.9750   -2.6971    1.2714 C   0  0  0  0  0  0  0  0  0  0  0  0
   -1.2986   -2.8626    2.7478 C   0  0  0  0  0  0  0  0  0  0  0  0
   -1.5445   -3.8122    0.4015 C   0  0  0  0  0  0  0  0  0  0  0  0
    2.0159    4.3481   -1.0586 H   0  0  0  0  0  0  0  0  0  0  0  0
    0.4078    4.7050   -0.4340 H   0  0  0  0  0  0  0  0  0  0  0  0
    1.5055    3.6444    0.4806 H   0  0  0  0  0  0  0  0  0  0  0  0
    1.5358    2.0620   -1.4109 H   0  0  0  0  0  0  0  0  0  0  0  0
   -0.2727    2.2577   -3.2035 H   0  0  0  0  0  0  0  0  0  0  0  0
   -0.4584    3.9499   -2.7031 H   0  0  0  0  0  0  0  0  0  0  0  0
    1.0996    3.3677   -3.2889 H   0  0  0  0  0  0  0  0  0  0  0  0
   -2.1840    1.6662    0.2439 H   0  0  0  0  0  0  0  0  0  0  0  0
   -1.6965    4.4148   -0.9585 H   0  0  0  0  0  0  0  0  0  0  0  0
   -3.1871    3.7413   -0.3087 H   0  0  0  0  0  0  0  0  0  0  0  0
   -2.4955    3.0570   -1.7839 H   0  0  0  0  0  0  0  0  0  0  0  0
   -0.6950    4.0701    1.3536 H   0  0  0  0  0  0  0  0  0  0  0  0
   -0.5202    2.4268    2.0028 H   0  0  0  0  0  0  0  0  0  0  0  0
   -2.1015    3.2180    1.9935 H   0  0  0  0  0  0  0  0  0  0  0  0
    3.6965   -1.9775   -0.0904 H   0  0  0  0  0  0  0  0  0  0  0  0
    2.4589   -3.4776   -1.4510 H   0  0  0  0  0  0  0  0  0  0  0  0
    1.0400   -3.4314   -0.4065 H   0  0  0  0  0  0  0  0  0  0  0  0
    2.5363   -4.1870    0.1693 H   0  0  0  0  0  0  0  0  0  0  0  0
    3.0705   -0.9424    1.9347 H   0  0  0  0  0  0  0  0  0  0  0  0
    2.9797   -2.6965    2.1439 H   0  0  0  0  0  0  0  0  0  0  0  0
    1.5044   -1.7422    2.0194 H   0  0  0  0  0  0  0  0  0  0  0  0
    3.5161   -1.2764   -1.9620 H   0  0  0  0  0  0  0  0  0  0  0  0
    4.4923    0.9892   -2.0494 H   0  0  0  0  0  0  0  0  0  0  0  0
    3.2988    1.5668   -0.8749 H   0  0  0  0  0  0  0  0  0  0  0  0
    4.4527    0.3124   -0.4146 H   0  0  0  0  0  0  0  0  0  0  0  0
    2.8179    0.1314   -3.7792 H   0  0  0  0  0  0  0  0  0  0  0  0
    1.5305   -0.9737   -3.2830 H   0  0  0  0  0  0  0  0  0  0  0  0
    1.4300    0.7459   -2.8941 H   0  0  0  0  0  0  0  0  0  0  0  0
   -2.7665   -0.0508    0.0986 H   0  0  0  0  0  0  0  0  0  0  0  0
   -3.7415   -2.2586   -0.2297 H   0  0  0  0  0  0  0  0  0  0  0  0
   -3.8837   -2.4822    1.5299 H   0  0  0  0  0  0  0  0  0  0  0  0
   -4.7455   -1.1728    0.7315 H   0  0  0  0  0  0  0  0  0  0  0  0
   -1.9447    0.6387    2.4197 H   0  0  0  0  0  0  0  0  0  0  0  0
   -3.7009    0.6420    2.1981 H   0  0  0  0  0  0  0  0  0  0  0  0
   -2.9284   -0.6789    3.0848 H   0  0  0  0  0  0  0  0  0  0  0  0
    0.1012   -2.7427    1.1768 H   0  0  0  0  0  0  0  0  0  0  0  0
   -2.3694   -2.8907    2.9391 H   0  0  0  0  0  0  0  0  0  0  0  0
   -0.8740   -3.8143    3.0697 H   0  0  0  0  0  0  0  0  0  0  0  0
   -0.8488   -2.0659    3.3404 H   0  0  0  0  0  0  0  0  0  0  0  0
   -1.4474   -3.5776   -0.6588 H   0  0  0  0  0  0  0  0  0  0  0  0
   -0.9583   -4.7094    0.6057 H   0  0  0  0  0  0  0  0  0  0  0  0
   -2.5842   -4.0318    0.6284 H   0  0  0  0  0  0  0  0  0  0  0  0
  1 26  1  0
  1 27  1  0
  2  4  1  0
  2  1  1  0
  3 30  1  0
  3  2  1  0
  4  5  1  0
  5 32  1  0
  5  7  1  0
  6 34  1  0
  6  5  1  0
  7 38  1  0
  7 37  1  0
  8  4  1  0
  8  9  1  0
  8 17  1  0
  9 17  2  0
 10  9  1  0
 10 11  1  0
 11 13  1  0
 12 41  1  0
 12 11  1  0
 12 42  1  0
 13 43  1  0
 13 45  1  0
 13 44  1  0
 14 15  1  0
 14 10  1  0
 15 48  1  0
 15 49  1  0
 16 52  1  0
 16 14  1  0
 17 18  1  0
 18 19  1  0
 18 22  1  0
 19 21  1  0
 20 56  1  0
 20 19  1  0
 20 55  1  0
 21 57  1  0
 21 59  1  0
 22 23  1  0
 23 61  1  0
 23 62  1  0
 23 63  1  0
 24 65  1  0
 24 66  1  0
 24 22  1  0
 25  1  1  0
 28  2  1  0
 29  3  1  0
 31  3  1  0
 33  6  1  0
 35  6  1  0
 36  7  1  0
 39 11  1  0
 40 12  1  0
 46 14  1  0
 47 15  1  0
 50 16  1  0
 51 16  1  0
 53 19  1  0
 54 20  1  0
 58 21  1  0
 60 22  1  0
 64 24  1  0
M  RAD  1   8   2
M  END
",N,0.370311,69.47344163592895,0.27311084888266096
proxyl,[H]C([H])([H])C1(C([H])([H])[H])N([O])C(C([H])([H])[H])(C([H])([H])[H])C([H])([H])C1([H])[H],"proxyl.log
     RDKit          3D

 26 26  0  0  0  0  0  0  0  0999 V2000
   -0.0898    1.1044    0.3307 C   0  0  0  0  0  0  0  0  0  0  0  0
    1.3236    1.0380   -0.2553 C   0  0  0  0  0  0  0  0  0  0  0  0
    1.8881    2.4506   -0.0742 C   0  0  0  0  0  0  0  0  0  0  0  0
   -0.6106    2.4866   -0.0709 C   0  0  0  0  0  0  0  0  0  0  0  0
   -0.0530    1.0325    1.4193 H   0  0  0  0  0  0  0  0  0  0  0  0
    1.2813    0.7964   -1.3188 H   0  0  0  0  0  0  0  0  0  0  0  0
    1.9488    0.2959    0.2390 H   0  0  0  0  0  0  0  0  0  0  0  0
    0.6494    3.2611   -0.1070 N   0  0  0  0  0  0  0  0  0  0  0  0
    0.6672    4.5220   -0.2296 O   0  0  0  0  0  1  0  0  0  0  0  0
   -1.2266    2.4908   -1.4686 C   0  0  0  0  0  0  0  0  0  0  0  0
   -2.1717    1.9465   -1.4529 H   0  0  0  0  0  0  0  0  0  0  0  0
   -1.4205    3.5155   -1.7897 H   0  0  0  0  0  0  0  0  0  0  0  0
   -0.5617    2.0171   -2.1928 H   0  0  0  0  0  0  0  0  0  0  0  0
   -1.5665    3.0929    0.9417 C   0  0  0  0  0  0  0  0  0  0  0  0
   -1.8730    4.0938    0.6354 H   0  0  0  0  0  0  0  0  0  0  0  0
   -2.4575    2.4676    1.0135 H   0  0  0  0  0  0  0  0  0  0  0  0
   -1.1006    3.1503    1.9267 H   0  0  0  0  0  0  0  0  0  0  0  0
    2.8182    2.8775   -1.1971 C   0  0  0  0  0  0  0  0  0  0  0  0
    3.1696    3.8986   -1.0447 H   0  0  0  0  0  0  0  0  0  0  0  0
    3.6845    2.2148   -1.2164 H   0  0  0  0  0  0  0  0  0  0  0  0
    2.3112    2.8168   -2.1615 H   0  0  0  0  0  0  0  0  0  0  0  0
    2.5568    2.6366    1.2857 C   0  0  0  0  0  0  0  0  0  0  0  0
    3.4927    2.0771    1.3125 H   0  0  0  0  0  0  0  0  0  0  0  0
    2.7771    3.6920    1.4549 H   0  0  0  0  0  0  0  0  0  0  0  0
    1.9122    2.2794    2.0906 H   0  0  0  0  0  0  0  0  0  0  0  0
   -0.7374    0.3125   -0.0431 H   0  0  0  0  0  0  0  0  0  0  0  0
  1  5  1  0
  2  3  1  0
  2  7  1  0
  2  1  1  0
  3 22  1  0
  4  1  1  0
  4 14  1  0
  6  2  1  0
  8  3  1  0
  8  4  1  0
  9  8  1  0
 10 11  1  0
 10  4  1  0
 12 10  1  0
 13 10  1  0
 14 16  1  0
 14 17  1  0
 15 14  1  0
 18 19  1  0
 18  3  1  0
 20 18  1  0
 21 18  1  0
 22 23  1  0
 22 24  1  0
 22 25  1  0
 26  1  1  0
M  RAD  1   9   2
M  END
",N,0.535764,64.12945019,0.49538469789026646
CQ_1,[H]C([H])([H])C1(C([H])([H])[H])[C@@]2(C([H])([H])[H])C(=O)C(=O)[C@]1([H])C([H])([H])C2([H])[H],"CQ_1.log
     RDKit          3D

 26 27  0  0  1  0  0  0  0  0999 V2000
   -1.5970    0.1089   -1.1962 C   0  0  0  0  0  0  0  0  0  0  0  0
   -0.7391    0.1922    0.0635 C   0  0  0  0  0  0  0  0  0  0  0  0
   -1.3401    1.2712    0.9610 C   0  0  0  0  0  0  0  0  0  0  0  0
   -0.5323   -1.1661    0.7787 C   0  0  2  0  0  0  0  0  0  0  0  0
    0.5243   -0.8132    1.8137 C   0  0  0  0  0  0  0  0  0  0  0  0
    0.6654   -1.3519    2.9530 O   0  0  0  0  0  0  0  0  0  0  0  0
    0.2200   -1.9941   -0.2975 C   0  0  0  0  0  0  0  0  0  0  0  0
    1.1289   -0.9315   -0.9699 C   0  0  0  0  0  0  0  0  0  0  0  0
    0.7835    0.3814   -0.2108 C   0  0  1  0  0  0  0  0  0  0  0  0
    1.2254    1.6504   -0.8963 C   0  0  0  0  0  0  0  0  0  0  0  0
    1.3591    0.1647    1.1891 C   0  0  0  0  0  0  0  0  0  0  0  0
    2.4131    0.6996    1.6458 O   0  0  0  0  0  0  0  0  0  0  0  0
   -2.6173   -0.1779   -0.9284 H   0  0  0  0  0  0  0  0  0  0  0  0
   -1.6485    1.0864   -1.6819 H   0  0  0  0  0  0  0  0  0  0  0  0
   -1.2315   -0.6078   -1.9292 H   0  0  0  0  0  0  0  0  0  0  0  0
   -1.3747    2.2276    0.4338 H   0  0  0  0  0  0  0  0  0  0  0  0
   -2.3661    1.0068    1.2287 H   0  0  0  0  0  0  0  0  0  0  0  0
   -0.7785    1.4165    1.8847 H   0  0  0  0  0  0  0  0  0  0  0  0
   -1.4228   -1.6407    1.1912 H   0  0  0  0  0  0  0  0  0  0  0  0
    0.7887   -2.8049    0.1579 H   0  0  0  0  0  0  0  0  0  0  0  0
   -0.4743   -2.4383   -1.0111 H   0  0  0  0  0  0  0  0  0  0  0  0
    2.1907   -1.1626   -0.8747 H   0  0  0  0  0  0  0  0  0  0  0  0
    0.9102   -0.8274   -2.0342 H   0  0  0  0  0  0  0  0  0  0  0  0
    0.7557    1.7462   -1.8777 H   0  0  0  0  0  0  0  0  0  0  0  0
    0.9688    2.5322   -0.3046 H   0  0  0  0  0  0  0  0  0  0  0  0
    2.3080    1.6528   -1.0427 H   0  0  0  0  0  0  0  0  0  0  0  0
  1 13  1  0
  1  2  1  0
  2  4  1  0
  2  3  1  0
  3 17  1  0
  3 18  1  0
  4 19  1  1
  4  5  1  0
  5  6  2  0
  7 20  1  0
  7  4  1  0
  8 22  1  0
  8  7  1  0
  8  9  1  0
  9 10  1  6
  9  2  1  0
  9 11  1  0
 10 25  1  0
 11 12  2  0
 11  5  1  0
 14  1  1  0
 15  1  1  0
 16  3  1  0
 21  7  1  0
 23  8  1  0
 24 10  1  0
 26 10  1  0
M  END
",O,0.242148,33.117738017576706,0.24067482936942977
tempo,CC1(C)CCCC(C)(C)N1[O],"tempo.log
     RDKit          3D

 29 29  0  0  0  0  0  0  0  0999 V2000
   -3.8307   -1.6441    0.0355 C   0  0  0  0  0  0  0  0  0  0  0  0
   -2.3119   -1.6961    0.0173 C   0  0  0  0  0  0  0  0  0  0  0  0
   -1.7666   -0.2774    0.0184 C   0  0  0  0  0  0  0  0  0  0  0  0
   -2.2009    0.5358    1.2389 C   0  0  0  0  0  0  0  0  0  0  0  0
   -4.3959   -0.9184    1.2574 C   0  0  0  0  0  0  0  0  0  0  0  0
   -0.6750   -0.2708   -0.0057 H   0  0  0  0  0  0  0  0  0  0  0  0
   -1.9334   -2.2569    0.8750 H   0  0  0  0  0  0  0  0  0  0  0  0
   -4.1770   -1.1287   -0.8657 H   0  0  0  0  0  0  0  0  0  0  0  0
   -4.2633   -2.6465    0.0228 H   0  0  0  0  0  0  0  0  0  0  0  0
   -2.1151    0.2353   -0.8834 H   0  0  0  0  0  0  0  0  0  0  0  0
   -3.6671    0.3682    1.4601 N   0  0  0  0  0  3  0  0  0  0  0  0
   -4.2109    1.2003    2.2563 O   0  0  0  0  0  0  0  0  0  0  0  0
   -1.9311    2.0147    0.9834 C   0  0  0  0  0  0  0  0  0  0  0  0
   -2.1101    2.6156    1.8735 H   0  0  0  0  0  0  0  0  0  0  0  0
   -0.8853    2.1289    0.6951 H   0  0  0  0  0  0  0  0  0  0  0  0
   -2.5564    2.3883    0.1713 H   0  0  0  0  0  0  0  0  0  0  0  0
   -1.4502    0.0978    2.5000 C   0  0  0  0  0  0  0  0  0  0  0  0
   -0.4083    0.4106    2.4152 H   0  0  0  0  0  0  0  0  0  0  0  0
   -1.8832    0.5763    3.3797 H   0  0  0  0  0  0  0  0  0  0  0  0
   -1.4696   -0.9815    2.6410 H   0  0  0  0  0  0  0  0  0  0  0  0
   -5.8661   -0.5931    1.0161 C   0  0  0  0  0  0  0  0  0  0  0  0
   -6.3810   -1.5136    0.7380 H   0  0  0  0  0  0  0  0  0  0  0  0
   -6.3408   -0.1904    1.9094 H   0  0  0  0  0  0  0  0  0  0  0  0
   -5.9762    0.1244    0.2018 H   0  0  0  0  0  0  0  0  0  0  0  0
   -4.2698   -1.7713    2.5234 C   0  0  0  0  0  0  0  0  0  0  0  0
   -4.5294   -1.1795    3.4023 H   0  0  0  0  0  0  0  0  0  0  0  0
   -4.9661   -2.6085    2.4537 H   0  0  0  0  0  0  0  0  0  0  0  0
   -3.2668   -2.1747    2.6537 H   0  0  0  0  0  0  0  0  0  0  0  0
   -1.9725   -2.2201   -0.8773 H   0  0  0  0  0  0  0  0  0  0  0  0
  1  5  1  0
  2  3  1  0
  2  1  1  0
  2  7  1  0
  3  4  1  0
  4 11  1  0
  4 17  1  0
  5 11  1  0
  5 25  1  0
  6  3  1  0
  8  1  1  0
  9  1  1  0
 10  3  1  0
 11 12  1  0
 13  4  1  0
 13 14  1  0
 15 13  1  0
 16 13  1  0
 17 20  1  0
 17 19  1  0
 18 17  1  0
 21  5  1  0
 21 23  1  0
 22 21  1  0
 24 21  1  0
 25 28  1  0
 25 26  1  0
 27 25  1  0
 29  2  1  0
M  CHG  2  11   1  12  -1
M  RAD  1  11   2
M  END
",N,0.5155890000000001,66.91817637,0.46112258377253906
NDI-1_1,[H]C1=C(C(C([H])([H])[H])(C([H])([H])[H])C([H])([H])[H])C(=O)C(C(C([H])([H])[H])(C([H])([H])[H])C([H])([H])[H])=C([H])[C]1c1c([H])c2c3c(c([H])c([H])c4c3c1C(=O)N(C([H])([H])C([H])([H])C([H])([H])C([H])([H])[H])C4=O)C(=O)N(C([H])([H])C([H])([H])C([H])([H])C([H])([H])[H])C2=O,"NDI-1_1.log
     RDKit          3D

 84 88  0  0  1  0  0  0  0  0999 V2000
    3.1034   -2.7676    1.3146 O   0  0  0  0  0  0  0  0  0  0  0  0
    3.4695   -1.6387    1.0520 C   0  0  0  0  0  0  0  0  0  0  0  0
    4.7714   -1.2378    1.3086 N   0  0  0  0  0  0  0  0  0  0  0  0
    5.6858   -2.2310    1.8916 C   0  0  0  0  0  0  0  0  0  0  0  0
    6.3745   -3.0575    0.8148 C   0  0  0  0  0  0  0  0  0  0  0  0
    7.3742   -4.0496    1.4009 C   0  0  0  0  0  0  0  0  0  0  0  0
    6.7299   -5.1003    2.2975 C   0  0  0  0  0  0  0  0  0  0  0  0
    5.3039   -0.0099    0.9409 C   0  0  0  0  0  0  0  0  0  0  0  0
    4.3835    0.9846    0.3400 C   0  0  0  0  0  0  0  0  0  0  0  0
    3.0378    0.6391    0.1166 C   0  0  0  0  0  0  0  0  0  0  0  0
    2.5531   -0.6361    0.4573 C   0  0  0  0  0  0  0  0  0  0  0  0
    1.2360   -0.9472    0.2619 C   0  0  0  0  0  0  0  0  0  0  0  0
    0.3301   -0.0095   -0.2897 C   0  0  0  0  0  0  0  0  0  0  0  0
   -1.0886   -0.4198   -0.3329 C   0  0  0  0  0  3  0  0  0  0  0  0
   -2.0643    0.3525    0.3305 C   0  0  0  0  0  0  0  0  0  0  0  0
   -3.3729   -0.0316    0.3797 C   0  0  0  0  0  0  0  0  0  0  0  0
   -4.4289    0.7951    1.1037 C   0  0  0  0  0  0  0  0  0  0  0  0
   -3.8142    2.0339    1.7572 C   0  0  0  0  0  0  0  0  0  0  0  0
   -5.4871    1.2864    0.1024 C   0  0  0  0  0  0  0  0  0  0  0  0
   -5.0894   -0.0336    2.2169 C   0  0  0  0  0  0  0  0  0  0  0  0
   -3.7607   -1.2776   -0.3049 C   0  0  0  0  0  0  0  0  0  0  0  0
   -4.9478   -1.6476   -0.3124 O   0  0  0  0  0  0  0  0  0  0  0  0
   -2.7281   -2.0827   -0.9783 C   0  0  0  0  0  0  0  0  0  0  0  0
   -3.1110   -3.3803   -1.6776 C   0  0  0  0  0  0  0  0  0  0  0  0
   -1.8917   -4.0628   -2.3011 C   0  0  0  0  0  0  0  0  0  0  0  0
   -3.7231   -4.3664   -0.6690 C   0  0  0  0  0  0  0  0  0  0  0  0
   -4.1087   -3.0950   -2.8125 C   0  0  0  0  0  0  0  0  0  0  0  0
   -1.4340   -1.6307   -0.9516 C   0  0  0  0  0  0  0  0  0  0  0  0
    0.8083    1.2283   -0.6943 C   0  0  0  0  0  0  0  0  0  0  0  0
   -0.0422    2.1810   -1.4578 C   0  0  0  0  0  0  0  0  0  0  0  0
    0.4677    3.4528   -1.6997 N   0  0  0  0  0  0  0  0  0  0  0  0
   -0.4150    4.4511   -2.3285 C   0  0  0  0  0  0  0  0  0  0  0  0
   -1.0845    5.3489   -1.2981 C   0  0  0  0  0  0  0  0  0  0  0  0
   -2.0114    4.6116   -0.3393 C   0  0  0  0  0  0  0  0  0  0  0  0
   -2.6606    5.5623    0.6568 C   0  0  0  0  0  0  0  0  0  0  0  0
    1.7487    3.8629   -1.3757 C   0  0  0  0  0  0  0  0  0  0  0  0
    2.1077    5.0060   -1.5873 O   0  0  0  0  0  0  0  0  0  0  0  0
   -1.1332    1.8702   -1.8908 O   0  0  0  0  0  0  0  0  0  0  0  0
    2.1595    1.5726   -0.4650 C   0  0  0  0  0  0  0  0  0  0  0  0
    2.6561    2.8505   -0.7936 C   0  0  0  0  0  0  0  0  0  0  0  0
    3.9692    3.1751   -0.5571 C   0  0  0  0  0  0  0  0  0  0  0  0
    4.8444    2.2336    0.0064 C   0  0  0  0  0  0  0  0  0  0  0  0
    6.4828    0.2291    1.1165 O   0  0  0  0  0  0  0  0  0  0  0  0
    5.0922   -2.8532    2.5544 H   0  0  0  0  0  0  0  0  0  0  0  0
    6.4160   -1.6886    2.4877 H   0  0  0  0  0  0  0  0  0  0  0  0
    6.8858   -2.3785    0.1286 H   0  0  0  0  0  0  0  0  0  0  0  0
    5.6147   -3.5940    0.2391 H   0  0  0  0  0  0  0  0  0  0  0  0
    8.1367   -3.5018    1.9621 H   0  0  0  0  0  0  0  0  0  0  0  0
    7.8902   -4.5455    0.5764 H   0  0  0  0  0  0  0  0  0  0  0  0
    7.4596   -5.8498    2.6065 H   0  0  0  0  0  0  0  0  0  0  0  0
    6.3104   -4.6588    3.2026 H   0  0  0  0  0  0  0  0  0  0  0  0
    5.9226   -5.6148    1.7707 H   0  0  0  0  0  0  0  0  0  0  0  0
    0.8684   -1.9209    0.5589 H   0  0  0  0  0  0  0  0  0  0  0  0
   -1.7341    1.2654    0.8080 H   0  0  0  0  0  0  0  0  0  0  0  0
   -3.3540    2.6895    1.0163 H   0  0  0  0  0  0  0  0  0  0  0  0
   -4.6044    2.5952    2.2583 H   0  0  0  0  0  0  0  0  0  0  0  0
   -3.0618    1.7699    2.5033 H   0  0  0  0  0  0  0  0  0  0  0  0
   -6.2132    1.9110    0.6276 H   0  0  0  0  0  0  0  0  0  0  0  0
   -6.0170    0.4629   -0.3701 H   0  0  0  0  0  0  0  0  0  0  0  0
   -5.0192    1.8939   -0.6762 H   0  0  0  0  0  0  0  0  0  0  0  0
   -5.6192   -0.8992    1.8269 H   0  0  0  0  0  0  0  0  0  0  0  0
   -5.8032    0.5956    2.7530 H   0  0  0  0  0  0  0  0  0  0  0  0
   -4.3391   -0.3773    2.9324 H   0  0  0  0  0  0  0  0  0  0  0  0
   -1.4183   -3.4353   -3.0586 H   0  0  0  0  0  0  0  0  0  0  0  0
   -1.1445   -4.3250   -1.5494 H   0  0  0  0  0  0  0  0  0  0  0  0
   -2.2181   -4.9843   -2.7852 H   0  0  0  0  0  0  0  0  0  0  0  0
   -3.9401   -5.3071   -1.1794 H   0  0  0  0  0  0  0  0  0  0  0  0
   -4.6455   -3.9881   -0.2356 H   0  0  0  0  0  0  0  0  0  0  0  0
   -3.0172   -4.5751    0.1380 H   0  0  0  0  0  0  0  0  0  0  0  0
   -5.0393   -2.6731   -2.4413 H   0  0  0  0  0  0  0  0  0  0  0  0
   -4.3335   -4.0295   -3.3312 H   0  0  0  0  0  0  0  0  0  0  0  0
   -3.6748   -2.4022   -3.5368 H   0  0  0  0  0  0  0  0  0  0  0  0
   -0.6441   -2.1921   -1.4307 H   0  0  0  0  0  0  0  0  0  0  0  0
    0.1974    5.0357   -3.0098 H   0  0  0  0  0  0  0  0  0  0  0  0
   -1.1539    3.9067   -2.9087 H   0  0  0  0  0  0  0  0  0  0  0  0
   -0.3175    5.8819   -0.7297 H   0  0  0  0  0  0  0  0  0  0  0  0
   -1.6543    6.1029   -1.8477 H   0  0  0  0  0  0  0  0  0  0  0  0
   -2.7818    4.0842   -0.9104 H   0  0  0  0  0  0  0  0  0  0  0  0
   -1.4490    3.8453    0.2052 H   0  0  0  0  0  0  0  0  0  0  0  0
   -1.9021    6.0787    1.2491 H   0  0  0  0  0  0  0  0  0  0  0  0
   -3.3212    5.0325    1.3448 H   0  0  0  0  0  0  0  0  0  0  0  0
   -3.2519    6.3207    0.1392 H   0  0  0  0  0  0  0  0  0  0  0  0
    4.3270    4.1641   -0.8080 H   0  0  0  0  0  0  0  0  0  0  0  0
    5.8793    2.4921    0.1827 H   0  0  0  0  0  0  0  0  0  0  0  0
  2  3  1  0
  2  1  2  0
  3  4  1  0
  4 45  1  0
  4 44  1  0
  5  6  1  0
  5  4  1  0
  6 48  1  0
  6  7  1  0
  7 50  1  0
  7 51  1  0
  8 43  2  0
  8  3  1  0
  9  8  1  0
 10  9  1  0
 10 11  2  0
 11  2  1  0
 12 11  1  0
 12 53  1  0
 13 12  2  0
 14 13  1  0
 14 15  1  0
 15 16  2  0
 15 54  1  0
 16 17  1  0
 17 18  1  0
 17 20  1  0
 18 56  1  0
 18 57  1  0
 19 58  1  0
 19 17  1  0
 20 62  1  0
 20 63  1  0
 21 16  1  0
 22 21  2  0
 23 28  2  0
 23 21  1  0
 24 23  1  0
 24 26  1  0
 25 24  1  0
 25 65  1  0
 26 68  1  0
 26 69  1  0
 27 70  1  0
 27 24  1  0
 28 14  1  0
 29 39  2  0
 29 13  1  0
 30 29  1  0
 31 30  1  0
 31 36  1  0
 32 31  1  0
 32 33  1  0
 33 76  1  0
 33 34  1  0
 34 79  1  0
 34 35  1  0
 35 80  1  0
 35 81  1  0
 36 40  1  0
 37 36  2  0
 38 30  2  0
 39 10  1  0
 40 41  2  0
 40 39  1  0
 41 42  1  0
 42 84  1  0
 42  9  2  0
 46  5  1  0
 47  5  1  0
 49  6  1  0
 52  7  1  0
 55 18  1  0
 59 19  1  0
 60 19  1  0
 61 20  1  0
 64 25  1  0
 66 25  1  0
 67 26  1  0
 71 27  1  0
 72 27  1  0
 73 28  1  0
 74 32  1  0
 75 32  1  0
 77 33  1  0
 78 34  1  0
 82 35  1  0
 83 41  1  0
M  RAD  1  14   2
M  END
",C,0.450626,61.12768548347232,0.2139340612178821
s-proxyl,[H]C1=C([H])C(C([H])([H])[H])(C([H])([H])[H])N([O])C1(C([H])([H])[H])C([H])([H])[H],"s-proxyl.log
     RDKit          3D

 24 24  0  0  0  0  0  0  0  0999 V2000
    2.2444   -0.2329    0.1168 C   0  0  0  0  0  0  0  0  0  0  0  0
    2.5744    1.2343    0.1351 C   0  0  0  0  0  0  0  0  0  0  0  0
    1.5144    1.9960    0.3662 C   0  0  0  0  0  0  0  0  0  0  0  0
    0.2531    1.1981    0.5511 C   0  0  0  0  0  0  0  0  0  0  0  0
    1.5031    3.0763    0.4262 H   0  0  0  0  0  0  0  0  0  0  0  0
    0.7894   -0.1680    0.3711 N   0  0  0  0  0  0  0  0  0  0  0  0
    0.0665   -1.2020    0.4644 O   0  0  0  0  0  1  0  0  0  0  0  0
    2.5076   -0.8832   -1.2378 C   0  0  0  0  0  0  0  0  0  0  0  0
    3.5795   -0.8871   -1.4384 H   0  0  0  0  0  0  0  0  0  0  0  0
    2.1520   -1.9147   -1.2316 H   0  0  0  0  0  0  0  0  0  0  0  0
    2.0020   -0.3354   -2.0338 H   0  0  0  0  0  0  0  0  0  0  0  0
    2.9334   -1.0085    1.2356 C   0  0  0  0  0  0  0  0  0  0  0  0
    2.5826   -2.0414    1.2443 H   0  0  0  0  0  0  0  0  0  0  0  0
    4.0110   -1.0092    1.0683 H   0  0  0  0  0  0  0  0  0  0  0  0
    2.7276   -0.5526    2.2048 H   0  0  0  0  0  0  0  0  0  0  0  0
   -0.3396    1.3439    1.9494 C   0  0  0  0  0  0  0  0  0  0  0  0
   -0.6893    2.3669    2.0920 H   0  0  0  0  0  0  0  0  0  0  0  0
   -1.1875    0.6675    2.0674 H   0  0  0  0  0  0  0  0  0  0  0  0
    0.4074    1.1173    2.7111 H   0  0  0  0  0  0  0  0  0  0  0  0
   -0.7961    1.4900   -0.5171 C   0  0  0  0  0  0  0  0  0  0  0  0
   -1.6428    0.8114   -0.4033 H   0  0  0  0  0  0  0  0  0  0  0  0
   -1.1548    2.5139   -0.4059 H   0  0  0  0  0  0  0  0  0  0  0  0
   -0.3743    1.3708   -1.5158 H   0  0  0  0  0  0  0  0  0  0  0  0
    3.5871    1.5788   -0.0280 H   0  0  0  0  0  0  0  0  0  0  0  0
  1  2  1  0
  1  6  1  0
  1 12  1  0
  2  3  2  0
  3  5  1  0
  3  4  1  0
  4 16  1  0
  6  7  1  0
  6  4  1  0
  8 10  1  0
  8  1  1  0
  9  8  1  0
 11  8  1  0
 12 13  1  0
 12 15  1  0
 14 12  1  0
 16 18  1  0
 16 17  1  0
 16 19  1  0
 20 22  1  0
 20 21  1  0
 20  4  1  0
 23 20  1  0
 24  2  1  0
M  RAD  1   7   2
M  END
",N,0.534125,62.44867808,0.4839772167130596
car-C5_1,[H]C1=C([H])C([H])=C([H])C2=C([H])C([H])=C3C(c4c5c([H])c([H])c([H])c([H])c5c([H])c5c([H])c([H])c([H])c([H])c45)=c4c([H])c([H])c5c([H])c([H])c([H])c([H])c5c4=C3[C]12,"car-C5_1.log
     RDKit          3D

 56 63  0  0  1  0  0  0  0  0999 V2000
    3.9889    0.2929    1.7338 C   0  0  0  0  0  0  0  0  0  0  0  0
    4.5277    0.5260    3.0362 C   0  0  0  0  0  0  0  0  0  0  0  0
    3.7116    0.7468    4.0986 C   0  0  0  0  0  0  0  0  0  0  0  0
    2.2996    0.7617    3.9198 C   0  0  0  0  0  0  0  0  0  0  0  0
    1.7483    0.5391    2.6967 C   0  0  0  0  0  0  0  0  0  0  0  0
    2.5682    0.2752    1.5544 C   0  0  0  0  0  0  0  0  0  0  0  0
    2.0315    0.0415    0.2717 C   0  0  0  0  0  0  0  0  0  0  0  0
    0.5770    0.0129    0.0796 C   0  0  0  0  0  0  0  0  0  0  0  0
   -0.1910    0.9054   -0.7350 C   0  0  0  0  0  0  0  0  0  0  0  0
    0.2543    2.0082   -1.4962 C   0  0  0  0  0  0  0  0  0  0  0  0
   -0.6461    2.6826   -2.2658 C   0  0  0  0  0  0  0  0  0  0  0  0
   -1.9877    2.2240   -2.3874 C   0  0  0  0  0  0  0  0  0  0  0  0
   -2.4420    1.0906   -1.6423 C   0  0  0  0  0  0  0  0  0  0  0  0
   -3.7152    0.5534   -1.9691 C   0  0  0  0  0  0  0  0  0  0  0  0
   -4.5272    1.1595   -2.8882 C   0  0  0  0  0  0  0  0  0  0  0  0
   -4.1169    2.3420   -3.5387 C   0  0  0  0  0  0  0  0  0  0  0  0
   -2.8683    2.8484   -3.3012 C   0  0  0  0  0  0  0  0  0  0  0  0
   -1.5421    0.5145   -0.7054 C   0  0  0  0  0  0  0  0  0  0  0  0
   -1.6521   -0.5761    0.2856 C   0  0  0  0  0  0  0  0  0  0  0  0
   -0.3414   -0.9132    0.6700 C   0  0  0  0  0  0  0  0  0  0  0  0
   -0.0677   -2.0026    1.5256 C   0  0  0  0  0  0  0  0  0  0  0  0
   -1.1107   -2.7169    2.0352 C   0  0  0  0  0  0  0  0  0  0  0  0
   -2.4545   -2.3131    1.7984 C   0  0  0  0  0  0  0  0  0  0  0  0
   -2.7426   -1.1940    0.9554 C   0  0  0  0  0  3  0  0  0  0  0  0
   -4.0779   -0.7112    0.9329 C   0  0  0  0  0  0  0  0  0  0  0  0
   -5.0778   -1.3566    1.6078 C   0  0  0  0  0  0  0  0  0  0  0  0
   -4.8050   -2.5256    2.3486 C   0  0  0  0  0  0  0  0  0  0  0  0
   -3.5181   -2.9789    2.4509 C   0  0  0  0  0  0  0  0  0  0  0  0
    2.8905   -0.1644   -0.8272 C   0  0  0  0  0  0  0  0  0  0  0  0
    4.3088   -0.1251   -0.6329 C   0  0  0  0  0  0  0  0  0  0  0  0
    5.1749   -0.3299   -1.7503 C   0  0  0  0  0  0  0  0  0  0  0  0
    4.6711   -0.5766   -2.9867 C   0  0  0  0  0  0  0  0  0  0  0  0
    3.2625   -0.6480   -3.1792 C   0  0  0  0  0  0  0  0  0  0  0  0
    2.4051   -0.4544   -2.1415 C   0  0  0  0  0  0  0  0  0  0  0  0
    4.8246    0.0974    0.6394 C   0  0  0  0  0  0  0  0  0  0  0  0
    5.6053    0.5262    3.1494 H   0  0  0  0  0  0  0  0  0  0  0  0
    4.1265    0.9234    5.0825 H   0  0  0  0  0  0  0  0  0  0  0  0
    1.6600    0.9612    4.7701 H   0  0  0  0  0  0  0  0  0  0  0  0
    0.6733    0.5728    2.5801 H   0  0  0  0  0  0  0  0  0  0  0  0
    1.2950    2.3075   -1.4561 H   0  0  0  0  0  0  0  0  0  0  0  0
   -0.3461    3.5481   -2.8439 H   0  0  0  0  0  0  0  0  0  0  0  0
   -4.0268   -0.3788   -1.5225 H   0  0  0  0  0  0  0  0  0  0  0  0
   -5.4863    0.7196   -3.1302 H   0  0  0  0  0  0  0  0  0  0  0  0
   -4.7763    2.8228   -4.2497 H   0  0  0  0  0  0  0  0  0  0  0  0
   -2.5182    3.7256   -3.8325 H   0  0  0  0  0  0  0  0  0  0  0  0
    0.9582   -2.2606    1.7607 H   0  0  0  0  0  0  0  0  0  0  0  0
   -0.9377   -3.5733    2.6754 H   0  0  0  0  0  0  0  0  0  0  0  0
   -4.2988    0.2104    0.4157 H   0  0  0  0  0  0  0  0  0  0  0  0
   -6.0842   -0.9585    1.5861 H   0  0  0  0  0  0  0  0  0  0  0  0
   -5.6080   -3.0380    2.8624 H   0  0  0  0  0  0  0  0  0  0  0  0
   -3.2847   -3.8448    3.0592 H   0  0  0  0  0  0  0  0  0  0  0  0
    6.2442   -0.2874   -1.5806 H   0  0  0  0  0  0  0  0  0  0  0  0
    5.3332   -0.7318   -3.8286 H   0  0  0  0  0  0  0  0  0  0  0  0
    2.8730   -0.8673   -4.1651 H   0  0  0  0  0  0  0  0  0  0  0  0
    1.3388   -0.5314   -2.3073 H   0  0  0  0  0  0  0  0  0  0  0  0
    5.8996    0.1188    0.7810 H   0  0  0  0  0  0  0  0  0  0  0  0
  1  2  2  0
  2 36  1  0
  2  3  1  0
  3 37  1  0
  4  3  2  0
  4 38  1  0
  5  4  1  0
  6  1  1  0
  6  5  2  0
  7  6  1  0
  8  7  1  0
  8 20  1  0
  9 18  1  0
  9  8  2  0
 10 40  1  0
 10  9  1  0
 11 10  2  0
 12 11  1  0
 12 13  2  0
 13 18  1  0
 14 13  1  0
 14 42  1  0
 15 14  2  0
 16 17  2  0
 16 15  1  0
 17 12  1  0
 18 19  2  0
 19 20  1  0
 20 21  2  0
 21 46  1  0
 21 22  1  0
 22 47  1  0
 23 22  2  0
 23 28  1  0
 24 19  1  0
 24 23  1  0
 25 24  1  0
 25 26  2  0
 26 27  1  0
 27 28  2  0
 27 50  1  0
 28 51  1  0
 29 30  1  0
 29  7  2  0
 30 35  2  0
 31 52  1  0
 31 30  1  0
 32 31  2  0
 33 32  1  0
 33 34  2  0
 34 29  1  0
 35 56  1  0
 35  1  1  0
 39  5  1  0
 41 11  1  0
 43 15  1  0
 44 16  1  0
 45 17  1  0
 48 25  1  0
 49 26  1  0
 53 32  1  0
 54 33  1  0
 55 34  1  0
M  RAD  1  24   2
M  END
",C,0.649111,67.99256440872081,0.2872271697872759
verdazyl,[H]C1=NN(C([H])([H])[H])C(=O)N(C([H])([H])[H])[N]1,"verdazyl.log
     RDKit          3D

 16 16  0  0  0  0  0  0  0  0999 V2000
   -2.1423    0.2115    0.2470 C   0  0  0  0  0  0  0  0  0  0  0  0
   -4.7986   -0.0173    0.3677 C   0  0  0  0  0  0  0  0  0  0  0  0
   -2.7742    1.1462    0.9304 N   0  0  0  0  0  0  0  0  0  0  0  0
   -2.6643   -0.8225   -0.3840 N   0  0  0  0  0  2  0  0  0  0  0  0
   -4.0133   -0.9134   -0.3055 N   0  0  0  0  0  0  0  0  0  0  0  0
   -4.1203    1.0043    0.9752 N   0  0  0  0  0  0  0  0  0  0  0  0
   -4.8819    2.0013    1.7105 C   0  0  0  0  0  0  0  0  0  0  0  0
   -5.5805    2.5039    1.0431 H   0  0  0  0  0  0  0  0  0  0  0  0
   -5.4362    1.5262    2.5183 H   0  0  0  0  0  0  0  0  0  0  0  0
   -4.1729    2.7156    2.1146 H   0  0  0  0  0  0  0  0  0  0  0  0
   -4.6573   -2.0282   -0.9817 C   0  0  0  0  0  0  0  0  0  0  0  0
   -3.8754   -2.6199   -1.4448 H   0  0  0  0  0  0  0  0  0  0  0  0
   -5.2082   -2.6325   -0.2628 H   0  0  0  0  0  0  0  0  0  0  0  0
   -5.3450   -1.6575   -1.7403 H   0  0  0  0  0  0  0  0  0  0  0  0
   -6.0173   -0.1221    0.4227 O   0  0  0  0  0  0  0  0  0  0  0  0
   -1.0669    0.3045    0.1980 H   0  0  0  0  0  0  0  0  0  0  0  0
  1  3  2  0
  2 15  2  0
  2  6  1  0
  3  6  1  0
  4  5  1  0
  4  1  1  0
  5  2  1  0
  6  7  1  0
  7 10  1  0
  7  9  1  0
  8  7  1  0
 11  5  1  0
 11 13  1  0
 12 11  1  0
 14 11  1  0
 16  1  1  0
M  RAD  1   4   2
M  END
",N,0.408672,38.74561534,0.2730342956441799
car-C4_1,[H]C1=c2c([H])c([H])c([H])c([H])c2=C([H])C2=c3c([H])c4c([H])c([H])c([H])c([H])c4c([H])c3=C(c3c4c([H])c([H])c([H])c([H])c4c([H])c4c([H])c([H])c([H])c([H])c34)[C]12,"car-C4_1.log
     RDKit          3D

 56 63  0  0  1  0  0  0  0  0999 V2000
    3.5730    0.3102    1.5841 C   0  0  0  0  0  0  0  0  0  0  0  0
    4.1431    0.5373    2.8744 C   0  0  0  0  0  0  0  0  0  0  0  0
    3.3531    0.7389    3.9600 C   0  0  0  0  0  0  0  0  0  0  0  0
    1.9364    0.7384    3.8190 C   0  0  0  0  0  0  0  0  0  0  0  0
    1.3560    0.5198    2.6089 C   0  0  0  0  0  0  0  0  0  0  0  0
    2.1482    0.2781    1.4422 C   0  0  0  0  0  0  0  0  0  0  0  0
    1.5779    0.0499    0.1732 C   0  0  0  0  0  0  0  0  0  0  0  0
    0.1179    0.0050    0.0214 C   0  0  0  0  0  0  0  0  0  0  0  0
   -0.7647   -0.9617    0.6082 C   0  0  0  0  0  3  0  0  0  0  0  0
   -0.4953   -2.0507    1.4073 C   0  0  0  0  0  0  0  0  0  0  0  0
   -1.5627   -2.8704    1.8474 C   0  0  0  0  0  0  0  0  0  0  0  0
   -1.3325   -3.9999    2.6713 C   0  0  0  0  0  0  0  0  0  0  0  0
   -2.3711   -4.7871    3.0903 C   0  0  0  0  0  0  0  0  0  0  0  0
   -3.6945   -4.4825    2.7065 C   0  0  0  0  0  0  0  0  0  0  0  0
   -3.9499   -3.3961    1.9104 C   0  0  0  0  0  0  0  0  0  0  0  0
   -2.9009   -2.5644    1.4601 C   0  0  0  0  0  0  0  0  0  0  0  0
   -3.1566   -1.4356    0.6291 C   0  0  0  0  0  0  0  0  0  0  0  0
   -2.1189   -0.6597    0.2173 C   0  0  0  0  0  0  0  0  0  0  0  0
   -2.0683    0.5340   -0.6299 C   0  0  0  0  0  0  0  0  0  0  0  0
   -0.6836    0.9198   -0.7392 C   0  0  0  0  0  0  0  0  0  0  0  0
   -0.3238    2.0264   -1.4761 C   0  0  0  0  0  0  0  0  0  0  0  0
   -1.3267    2.7801   -2.1325 C   0  0  0  0  0  0  0  0  0  0  0  0
   -2.6946    2.3915   -2.0231 C   0  0  0  0  0  0  0  0  0  0  0  0
   -3.6782    3.1576   -2.6868 C   0  0  0  0  0  0  0  0  0  0  0  0
   -3.3321    4.2585   -3.4267 C   0  0  0  0  0  0  0  0  0  0  0  0
   -1.9791    4.6446   -3.5362 C   0  0  0  0  0  0  0  0  0  0  0  0
   -1.0022    3.9231   -2.9045 C   0  0  0  0  0  0  0  0  0  0  0  0
   -3.0453    1.2464   -1.2512 C   0  0  0  0  0  0  0  0  0  0  0  0
    2.4106   -0.1350   -0.9494 C   0  0  0  0  0  0  0  0  0  0  0  0
    3.8334   -0.0803   -0.7937 C   0  0  0  0  0  0  0  0  0  0  0  0
    4.6703   -0.2635   -1.9371 C   0  0  0  0  0  0  0  0  0  0  0  0
    4.1353   -0.5037   -3.1615 C   0  0  0  0  0  0  0  0  0  0  0  0
    2.7226   -0.5889   -3.3163 C   0  0  0  0  0  0  0  0  0  0  0  0
    1.8925   -0.4152   -2.2534 C   0  0  0  0  0  0  0  0  0  0  0  0
    4.3816    0.1354    0.4662 C   0  0  0  0  0  0  0  0  0  0  0  0
    5.2233    0.5488    2.9596 H   0  0  0  0  0  0  0  0  0  0  0  0
    3.7922    0.9114    4.9342 H   0  0  0  0  0  0  0  0  0  0  0  0
    1.3175    0.9221    4.6880 H   0  0  0  0  0  0  0  0  0  0  0  0
    0.2781    0.5383    2.5202 H   0  0  0  0  0  0  0  0  0  0  0  0
    0.5192   -2.2910    1.7060 H   0  0  0  0  0  0  0  0  0  0  0  0
   -0.3138   -4.2283    2.9620 H   0  0  0  0  0  0  0  0  0  0  0  0
   -2.1807   -5.6476    3.7189 H   0  0  0  0  0  0  0  0  0  0  0  0
   -4.5082   -5.1114    3.0442 H   0  0  0  0  0  0  0  0  0  0  0  0
   -4.9642   -3.1575    1.6126 H   0  0  0  0  0  0  0  0  0  0  0  0
   -4.1781   -1.2170    0.3380 H   0  0  0  0  0  0  0  0  0  0  0  0
    0.7138    2.3296   -1.5647 H   0  0  0  0  0  0  0  0  0  0  0  0
   -4.7156    2.8565   -2.5989 H   0  0  0  0  0  0  0  0  0  0  0  0
   -4.0964    4.8362   -3.9305 H   0  0  0  0  0  0  0  0  0  0  0  0
   -1.7172    5.5159   -4.1228 H   0  0  0  0  0  0  0  0  0  0  0  0
    0.0387    4.2140   -2.9842 H   0  0  0  0  0  0  0  0  0  0  0  0
   -4.0896    0.9646   -1.1724 H   0  0  0  0  0  0  0  0  0  0  0  0
    5.7435   -0.2099   -1.7969 H   0  0  0  0  0  0  0  0  0  0  0  0
    4.7757   -0.6423   -4.0230 H   0  0  0  0  0  0  0  0  0  0  0  0
    2.3087   -0.8020   -4.2937 H   0  0  0  0  0  0  0  0  0  0  0  0
    0.8227   -0.4992   -2.3896 H   0  0  0  0  0  0  0  0  0  0  0  0
    5.4597    0.1682    0.5789 H   0  0  0  0  0  0  0  0  0  0  0  0
  1  2  2  0
  2 36  1  0
  2  3  1  0
  3 37  1  0
  4  3  2  0
  4 38  1  0
  5  4  1  0
  6  1  1  0
  6  5  2  0
  7  6  1  0
  8  7  1  0
  9  8  1  0
  9 10  1  0
 10 40  1  0
 10 11  2  0
 11 12  1  0
 12 41  1  0
 12 13  2  0
 13 42  1  0
 14 43  1  0
 14 13  1  0
 15 14  2  0
 16 11  1  0
 16 15  1  0
 17 16  2  0
 18  9  1  0
 18 17  1  0
 19 18  2  0
 20 19  1  0
 20  8  2  0
 21 20  1  0
 22 23  1  0
 22 21  2  0
 23 28  2  0
 24 47  1  0
 24 23  1  0
 25 24  2  0
 26 25  1  0
 26 27  2  0
 27 22  1  0
 28 51  1  0
 28 19  1  0
 29 30  1  0
 29  7  2  0
 30 35  2  0
 31 52  1  0
 31 30  1  0
 32 31  2  0
 33 32  1  0
 33 34  2  0
 34 29  1  0
 35 56  1  0
 35  1  1  0
 39  5  1  0
 44 15  1  0
 45 17  1  0
 46 21  1  0
 48 25  1  0
 49 26  1  0
 50 27  1  0
 53 32  1  0
 54 33  1  0
 55 34  1  0
M  RAD  1   9   2
M  END
",C,0.6336689999999999,67.62171645791705,0.2384101849057938
phenoxyl_1,[H][C]1C([H])=C(C(C([H])([H])[H])(C([H])([H])[H])C([H])([H])[H])C(=O)C(C(C([H])([H])[H])(C([H])([H])[H])C([H])([H])[H])=C1[H],"phenoxyl_1.log
     RDKit          3D

 36 36  0  0  0  0  0  0  0  0999 V2000
   -0.0308   -0.6815   -1.2314 O   0  0  0  0  0  0  0  0  0  0  0  0
   -0.0055   -0.1119   -0.1225 C   0  0  0  0  0  0  0  0  0  0  0  0
   -1.2476    0.4100    0.4704 C   0  0  0  0  0  0  0  0  0  0  0  0
   -2.5687    0.2553   -0.2724 C   0  0  0  0  0  0  0  0  0  0  0  0
   -3.7278    0.8741    0.5120 C   0  0  0  0  0  0  0  0  0  0  0  0
   -2.5034    0.9706   -1.6321 C   0  0  0  0  0  0  0  0  0  0  0  0
   -2.8933   -1.2343   -0.4718 C   0  0  0  0  0  0  0  0  0  0  0  0
   -1.1694    1.0275    1.6938 C   0  0  0  0  0  0  0  0  0  0  0  0
    0.0510    1.1611    2.3646 C   0  0  0  0  0  3  0  0  0  0  0  0
    1.2441    0.6740    1.8200 C   0  0  0  0  0  0  0  0  0  0  0  0
    1.2671    0.0426    0.6014 C   0  0  0  0  0  0  0  0  0  0  0  0
    2.5581   -0.4885   -0.0090 C   0  0  0  0  0  0  0  0  0  0  0  0
    3.7567   -0.2360    0.9084 C   0  0  0  0  0  0  0  0  0  0  0  0
    2.4618   -2.0076   -0.2271 C   0  0  0  0  0  0  0  0  0  0  0  0
    2.8441    0.2222   -1.3423 C   0  0  0  0  0  0  0  0  0  0  0  0
   -3.8632    0.3941    1.4831 H   0  0  0  0  0  0  0  0  0  0  0  0
   -3.5843    1.9446    0.6706 H   0  0  0  0  0  0  0  0  0  0  0  0
   -4.6472    0.7395   -0.0597 H   0  0  0  0  0  0  0  0  0  0  0  0
   -2.2797    2.0309   -1.4950 H   0  0  0  0  0  0  0  0  0  0  0  0
   -3.4759    0.8916   -2.1229 H   0  0  0  0  0  0  0  0  0  0  0  0
   -1.7505    0.5381   -2.2861 H   0  0  0  0  0  0  0  0  0  0  0  0
   -2.9605   -1.7423    0.4928 H   0  0  0  0  0  0  0  0  0  0  0  0
   -3.8614   -1.3250   -0.9692 H   0  0  0  0  0  0  0  0  0  0  0  0
   -2.1449   -1.7381   -1.0784 H   0  0  0  0  0  0  0  0  0  0  0  0
   -2.0544    1.4263    2.1676 H   0  0  0  0  0  0  0  0  0  0  0  0
    0.0728    1.6540    3.3279 H   0  0  0  0  0  0  0  0  0  0  0  0
    2.1526    0.8104    2.3881 H   0  0  0  0  0  0  0  0  0  0  0  0
    3.6414   -0.7346    1.8727 H   0  0  0  0  0  0  0  0  0  0  0  0
    3.9161    0.8294    1.0848 H   0  0  0  0  0  0  0  0  0  0  0  0
    4.6524   -0.6343    0.4296 H   0  0  0  0  0  0  0  0  0  0  0  0
    2.2598   -2.5170    0.7178 H   0  0  0  0  0  0  0  0  0  0  0  0
    1.6821   -2.2704   -0.9376 H   0  0  0  0  0  0  0  0  0  0  0  0
    3.4172   -2.3734   -0.6097 H   0  0  0  0  0  0  0  0  0  0  0  0
    3.7944   -0.1386   -1.7420 H   0  0  0  0  0  0  0  0  0  0  0  0
    2.9300    1.3002   -1.1889 H   0  0  0  0  0  0  0  0  0  0  0  0
    2.0672    0.0372   -2.0802 H   0  0  0  0  0  0  0  0  0  0  0  0
  1  2  2  0
  2  3  1  0
  2 11  1  0
  3  8  2  0
  4  3  1  0
  4  5  1  0
  5 17  1  0
  5 16  1  0
  6 19  1  0
  6  4  1  0
  7  4  1  0
  7 22  1  0
  8 25  1  0
  8  9  1  0
  9 26  1  0
 10  9  1  0
 10 27  1  0
 11 10  2  0
 12 11  1  0
 12 13  1  0
 13 29  1  0
 13 28  1  0
 14 12  1  0
 14 31  1  0
 15 35  1  0
 15 12  1  0
 18  5  1  0
 20  6  1  0
 21  6  1  0
 23  7  1  0
 24  7  1  0
 30 13  1  0
 32 14  1  0
 33 14  1  0
 34 15  1  0
 36 15  1  0
M  RAD  1   9   2
M  END
",C,0.456133,38.75701455127759,0.23057131144184853
phenyl-viologen_1,[H][C]1C([H])=C(C2=C([H])[C]([H])N(C([H])([H])c3c([H])c([H])c([H])c([H])c3[H])C([H])=C2[H])C([H])=C([H])N1C([H])([H])c1c([H])c([H])c([H])c([H])c1[H],"phenyl-viologen_1.log
     RDKit          3D

 48 51  0  0  0  0  0  0  0  0999 V2000
    0.7431   -1.1193   -0.7193 C   0  0  0  0  0  0  0  0  0  0  0  0
   -0.6752   -1.0777   -0.8083 C   0  0  0  0  0  0  0  0  0  0  0  0
   -1.5205   -1.7600    0.1171 C   0  0  0  0  0  0  0  0  0  0  0  0
   -2.8720   -1.7109    0.0039 C   0  0  0  0  0  3  0  0  0  0  0  0
   -3.4805   -1.0224   -0.9999 N   0  0  0  0  0  0  0  0  0  0  0  0
   -4.9453   -0.9007   -1.0155 C   0  0  0  0  0  0  0  0  0  0  0  0
   -5.4222    0.1442   -0.0401 C   0  0  0  0  0  0  0  0  0  0  0  0
   -5.9010   -0.2270    1.2119 C   0  0  0  0  0  0  0  0  0  0  0  0
   -6.3085    0.7408    2.1222 C   0  0  0  0  0  0  0  0  0  0  0  0
   -6.2371    2.0857    1.7847 C   0  0  0  0  0  0  0  0  0  0  0  0
   -5.7601    2.4621    0.5339 C   0  0  0  0  0  0  0  0  0  0  0  0
   -5.3552    1.4947   -0.3745 C   0  0  0  0  0  0  0  0  0  0  0  0
   -2.7167   -0.3404   -1.8939 C   0  0  0  0  0  0  0  0  0  0  0  0
   -1.3597   -0.3541   -1.8292 C   0  0  0  0  0  0  0  0  0  0  0  0
    1.5892   -0.4509   -1.6539 C   0  0  0  0  0  0  0  0  0  0  0  0
    2.9411   -0.5103   -1.5473 C   0  0  0  0  0  3  0  0  0  0  0  0
    3.5498   -1.2184   -0.5574 N   0  0  0  0  0  0  0  0  0  0  0  0
    5.0102   -1.1477   -0.3989 C   0  0  0  0  0  0  0  0  0  0  0  0
    5.4200    0.0934    0.3514 C   0  0  0  0  0  0  0  0  0  0  0  0
    5.3787    0.1154    1.7432 C   0  0  0  0  0  0  0  0  0  0  0  0
    5.7133    1.2708    2.4356 C   0  0  0  0  0  0  0  0  0  0  0  0
    6.0932    2.4131    1.7401 C   0  0  0  0  0  0  0  0  0  0  0  0
    6.1397    2.3954    0.3522 C   0  0  0  0  0  0  0  0  0  0  0  0
    5.8033    1.2384   -0.3398 C   0  0  0  0  0  0  0  0  0  0  0  0
    2.7839   -1.8580    0.3664 C   0  0  0  0  0  0  0  0  0  0  0  0
    1.4271   -1.8337    0.3085 C   0  0  0  0  0  0  0  0  0  0  0  0
   -1.1164   -2.3393    0.9329 H   0  0  0  0  0  0  0  0  0  0  0  0
   -3.5320   -2.2167    0.6953 H   0  0  0  0  0  0  0  0  0  0  0  0
   -5.3588   -1.8764   -0.7666 H   0  0  0  0  0  0  0  0  0  0  0  0
   -5.2341   -0.6464   -2.0331 H   0  0  0  0  0  0  0  0  0  0  0  0
   -5.9591   -1.2780    1.4708 H   0  0  0  0  0  0  0  0  0  0  0  0
   -6.6832    0.4433    3.0933 H   0  0  0  0  0  0  0  0  0  0  0  0
   -6.5563    2.8402    2.4923 H   0  0  0  0  0  0  0  0  0  0  0  0
   -5.7087    3.5097    0.2656 H   0  0  0  0  0  0  0  0  0  0  0  0
   -4.9875    1.7850   -1.3526 H   0  0  0  0  0  0  0  0  0  0  0  0
   -3.2553    0.1997   -2.6596 H   0  0  0  0  0  0  0  0  0  0  0  0
   -0.8274    0.2044   -2.5839 H   0  0  0  0  0  0  0  0  0  0  0  0
    1.1855    0.1192   -2.4764 H   0  0  0  0  0  0  0  0  0  0  0  0
    3.6016   -0.0098   -2.2421 H   0  0  0  0  0  0  0  0  0  0  0  0
    5.3207   -2.0455    0.1319 H   0  0  0  0  0  0  0  0  0  0  0  0
    5.4478   -1.1588   -1.3955 H   0  0  0  0  0  0  0  0  0  0  0  0
    5.0868   -0.7786    2.2830 H   0  0  0  0  0  0  0  0  0  0  0  0
    5.6824    1.2794    3.5177 H   0  0  0  0  0  0  0  0  0  0  0  0
    6.3571    3.3135    2.2801 H   0  0  0  0  0  0  0  0  0  0  0  0
    6.4402    3.2813   -0.1926 H   0  0  0  0  0  0  0  0  0  0  0  0
    5.8423    1.2202   -1.4230 H   0  0  0  0  0  0  0  0  0  0  0  0
    3.3211   -2.3909    1.1381 H   0  0  0  0  0  0  0  0  0  0  0  0
    0.8945   -2.3782    1.0730 H   0  0  0  0  0  0  0  0  0  0  0  0
  1 26  1  0
  2  1  1  0
  2  3  2  0
  3 27  1  0
  4  3  1  0
  4 28  1  0
  5  4  1  0
  6  5  1  0
  6 29  1  0
  6  7  1  0
  7  8  2  0
  8 31  1  0
  8  9  1  0
  9 32  1  0
 10  9  2  0
 10 33  1  0
 11 10  1  0
 12  7  1  0
 12 11  2  0
 13 14  2  0
 13  5  1  0
 14  2  1  0
 15 16  1  0
 15  1  2  0
 16 17  1  0
 17 18  1  0
 17 25  1  0
 18 40  1  0
 18 19  1  0
 19 20  2  0
 20 42  1  0
 20 21  1  0
 21 43  1  0
 22 44  1  0
 22 21  2  0
 23 22  1  0
 24 19  1  0
 24 23  2  0
 25 47  1  0
 26 25  2  0
 26 48  1  0
 30  6  1  0
 34 11  1  0
 35 12  1  0
 36 13  1  0
 37 14  1  0
 38 15  1  0
 39 16  1  0
 41 18  1  0
 45 23  1  0
 46 24  1  0
M  RAD  2   4   2  16   2
M  END
",N,0.173673,53.19027165750978,0.1680396391375527
car-C3_1,[H][C]1C([H])=c2c([H])c([H])c([H])c([H])c2=C2C1=c1c([H])c([H])c3c([H])c([H])c([H])c([H])c3c1=C2c1c2c([H])c([H])c([H])c([H])c2c([H])c2c([H])c([H])c([H])c([H])c12,"car-C3_1.log
     RDKit          3D

 56 63  0  0  0  0  0  0  0  0999 V2000
    3.1454   -0.4106   -0.6861 C   0  0  0  0  0  0  0  0  0  0  0  0
    4.0158   -0.7184   -1.7761 C   0  0  0  0  0  0  0  0  0  0  0  0
    3.5201   -0.9499   -3.0193 C   0  0  0  0  0  0  0  0  0  0  0  0
    2.1168   -0.8862   -3.2552 C   0  0  0  0  0  0  0  0  0  0  0  0
    1.2548   -0.5934   -2.2452 C   0  0  0  0  0  0  0  0  0  0  0  0
    1.7346   -0.3451   -0.9212 C   0  0  0  0  0  0  0  0  0  0  0  0
    0.8693   -0.0464    0.1418 C   0  0  0  0  0  0  0  0  0  0  0  0
   -0.5852    0.0265   -0.0958 C   0  0  0  0  0  0  0  0  0  0  0  0
   -1.3375    1.2232   -0.3551 C   0  0  0  0  0  0  0  0  0  0  0  0
   -0.9450    2.5935   -0.4647 C   0  0  0  0  0  0  0  0  0  0  0  0
    0.3844    3.0650   -0.3422 C   0  0  0  0  0  0  0  0  0  0  0  0
    0.6722    4.4007   -0.4583 C   0  0  0  0  0  0  0  0  0  0  0  0
   -0.3482    5.3411   -0.7032 C   0  0  0  0  0  0  0  0  0  0  0  0
   -1.6422    4.9176   -0.8335 C   0  0  0  0  0  0  0  0  0  0  0  0
   -1.9756    3.5462   -0.7220 C   0  0  0  0  0  0  0  0  0  0  0  0
   -3.3255    3.1286   -0.8707 C   0  0  0  0  0  0  0  0  0  0  0  0
   -3.6822    1.8066   -0.7754 C   0  0  0  0  0  0  0  0  0  0  0  0
   -2.6858    0.8611   -0.5175 C   0  0  0  0  0  0  0  0  0  0  0  0
   -2.7851   -0.5852   -0.3650 C   0  0  0  0  0  0  0  0  0  0  0  0
   -1.4969   -1.0840   -0.1054 C   0  0  0  0  0  0  0  0  0  0  0  0
   -1.2981   -2.4854    0.0966 C   0  0  0  0  0  0  0  0  0  0  0  0
   -2.4484   -3.3249    0.0056 C   0  0  0  0  0  0  0  0  0  0  0  0
   -2.3061   -4.7210    0.1917 C   0  0  0  0  0  0  0  0  0  0  0  0
   -1.0848   -5.2752    0.4607 C   0  0  0  0  0  0  0  0  0  0  0  0
    0.0509   -4.4468    0.5585 C   0  0  0  0  0  0  0  0  0  0  0  0
   -0.0507   -3.0907    0.3825 C   0  0  0  0  0  0  0  0  0  0  0  0
   -3.7284   -2.7706   -0.2647 C   0  0  0  0  0  0  0  0  0  0  0  0
   -3.9024   -1.4211   -0.4448 C   0  0  0  0  0  3  0  0  0  0  0  0
    1.3768    0.1865    1.4289 C   0  0  0  0  0  0  0  0  0  0  0  0
    2.7894    0.1213    1.6531 C   0  0  0  0  0  0  0  0  0  0  0  0
    3.2943    0.3651    2.9671 C   0  0  0  0  0  0  0  0  0  0  0  0
    2.4536    0.6579    3.9929 C   0  0  0  0  0  0  0  0  0  0  0  0
    1.0480    0.7242    3.7718 C   0  0  0  0  0  0  0  0  0  0  0  0
    0.5272    0.4961    2.5367 C   0  0  0  0  0  0  0  0  0  0  0  0
    3.6411   -0.1753    0.5931 C   0  0  0  0  0  0  0  0  0  0  0  0
    5.0811   -0.7630   -1.5827 H   0  0  0  0  0  0  0  0  0  0  0  0
    4.1866   -1.1836   -3.8395 H   0  0  0  0  0  0  0  0  0  0  0  0
    1.7386   -1.0723   -4.2523 H   0  0  0  0  0  0  0  0  0  0  0  0
    0.1894   -0.5447   -2.4363 H   0  0  0  0  0  0  0  0  0  0  0  0
    1.1890    2.3672   -0.1605 H   0  0  0  0  0  0  0  0  0  0  0  0
    1.6968    4.7368   -0.3619 H   0  0  0  0  0  0  0  0  0  0  0  0
   -0.1039    6.3919   -0.7903 H   0  0  0  0  0  0  0  0  0  0  0  0
   -2.4395    5.6258   -1.0264 H   0  0  0  0  0  0  0  0  0  0  0  0
   -4.0750    3.8861   -1.0659 H   0  0  0  0  0  0  0  0  0  0  0  0
   -4.7142    1.5000   -0.8949 H   0  0  0  0  0  0  0  0  0  0  0  0
   -3.1910   -5.3421    0.1176 H   0  0  0  0  0  0  0  0  0  0  0  0
   -0.9868   -6.3437    0.6020 H   0  0  0  0  0  0  0  0  0  0  0  0
    1.0158   -4.8865    0.7773 H   0  0  0  0  0  0  0  0  0  0  0  0
    0.8366   -2.4804    0.4691 H   0  0  0  0  0  0  0  0  0  0  0  0
   -4.5742   -3.4451   -0.3231 H   0  0  0  0  0  0  0  0  0  0  0  0
   -4.8840   -1.0099   -0.6464 H   0  0  0  0  0  0  0  0  0  0  0  0
    4.3654    0.3107    3.1215 H   0  0  0  0  0  0  0  0  0  0  0  0
    2.8444    0.8420    4.9854 H   0  0  0  0  0  0  0  0  0  0  0  0
    0.3922    0.9581    4.6007 H   0  0  0  0  0  0  0  0  0  0  0  0
   -0.5437    0.5463    2.3799 H   0  0  0  0  0  0  0  0  0  0  0  0
    4.7104   -0.2243    0.7671 H   0  0  0  0  0  0  0  0  0  0  0  0
  1 35  1  0
  2 36  1  0
  2  1  2  0
  3  2  1  0
  4  3  2  0
  4  5  1  0
  5  6  2  0
  6  1  1  0
  6  7  1  0
  7 29  2  0
  8  7  1  0
  9  8  2  0
 10  9  1  0
 10 11  2  0
 11 40  1  0
 12 41  1  0
 12 11  1  0
 13 12  2  0
 14 15  2  0
 14 13  1  0
 15 10  1  0
 16 17  2  0
 16 15  1  0
 17 18  1  0
 18 19  2  0
 18  9  1  0
 19 20  1  0
 20  8  1  0
 20 21  2  0
 21 26  1  0
 22 21  1  0
 22 23  1  0
 23 24  2  0
 24 25  1  0
 24 47  1  0
 25 48  1  0
 26 49  1  0
 26 25  2  0
 27 22  2  0
 28 19  1  0
 28 27  1  0
 29 30  1  0
 29 34  1  0
 30 31  1  0
 31 52  1  0
 31 32  2  0
 32 53  1  0
 33 32  1  0
 33 54  1  0
 34 33  2  0
 35 56  1  0
 35 30  2  0
 37  3  1  0
 38  4  1  0
 39  5  1  0
 42 13  1  0
 43 14  1  0
 44 16  1  0
 45 17  1  0
 46 23  1  0
 50 27  1  0
 51 28  1  0
 55 34  1  0
M  RAD  1  28   2
M  END
",C,0.605954,72.45242453336603,0.25847651929400695
nn,[H][C]1N([O])C(C([H])([H])[H])(C([H])([H])[H])C(C([H])([H])[H])(C([H])([H])[H])N1[O],"nn.log
     RDKit          3D

 24 24  0  0  0  0  0  0  0  0999 V2000
   -1.9135   -0.3266   -0.3031 C   0  0  0  0  0  0  0  0  0  0  0  0
   -0.0354    1.0579   -0.2530 C   0  0  0  0  0  3  0  0  0  0  0  0
   -2.3284    1.0951    0.1806 C   0  0  0  0  0  0  0  0  0  0  0  0
   -1.0798    1.8685   -0.1172 N   0  0  0  0  0  0  0  0  0  0  0  0
   -0.4199   -0.2141   -0.2574 N   0  0  0  0  0  0  0  0  0  0  0  0
   -1.0450    3.1363   -0.0872 O   0  0  0  0  0  1  0  0  0  0  0  0
    0.3389   -1.2255   -0.3615 O   0  0  0  0  0  1  0  0  0  0  0  0
   -2.2683   -0.6047   -1.7612 C   0  0  0  0  0  0  0  0  0  0  0  0
   -1.7961   -1.5386   -2.0653 H   0  0  0  0  0  0  0  0  0  0  0  0
   -3.3476   -0.7110   -1.8645 H   0  0  0  0  0  0  0  0  0  0  0  0
   -1.9243    0.1957   -2.4167 H   0  0  0  0  0  0  0  0  0  0  0  0
   -2.3866   -1.4620    0.5818 C   0  0  0  0  0  0  0  0  0  0  0  0
   -2.0028   -1.3814    1.5969 H   0  0  0  0  0  0  0  0  0  0  0  0
   -3.4768   -1.4496    0.6132 H   0  0  0  0  0  0  0  0  0  0  0  0
   -2.0670   -2.4130    0.1582 H   0  0  0  0  0  0  0  0  0  0  0  0
   -3.5112    1.6955   -0.5521 C   0  0  0  0  0  0  0  0  0  0  0  0
   -4.3767    1.0475   -0.4083 H   0  0  0  0  0  0  0  0  0  0  0  0
   -3.7425    2.6739   -0.1334 H   0  0  0  0  0  0  0  0  0  0  0  0
   -3.3243    1.8037   -1.6187 H   0  0  0  0  0  0  0  0  0  0  0  0
   -2.5326    1.1916    1.6900 C   0  0  0  0  0  0  0  0  0  0  0  0
   -2.6521    2.2401    1.9621 H   0  0  0  0  0  0  0  0  0  0  0  0
   -3.4361    0.6534    1.9744 H   0  0  0  0  0  0  0  0  0  0  0  0
   -1.6846    0.7785    2.2367 H   0  0  0  0  0  0  0  0  0  0  0  0
    0.9870    1.3879   -0.3465 H   0  0  0  0  0  0  0  0  0  0  0  0
  1  5  1  0
  1  3  1  0
  1 12  1  0
  2  4  1  0
  3 20  1  0
  4  6  1  0
  4  3  1  0
  5  2  1  0
  7  5  1  0
  8  1  1  0
  9  8  1  0
 10  8  1  0
 11  8  1  0
 12 14  1  0
 12 13  1  0
 15 12  1  0
 16 17  1  0
 16 18  1  0
 16  3  1  0
 19 16  1  0
 20 21  1  0
 20 22  1  0
 20 23  1  0
 24  2  1  0
M  RAD  3   2   2   6   2   7   2
M  END
",N,0.31298200000000004,53.12384465,0.19836117626703356
TTM_1,[H]c1c(Cl)c([H])c(Cl)c([C](c2c(Cl)c([H])c(Cl)c([H])c2Cl)c2c(Cl)c([H])c(Cl)c([H])c2Cl)c1Cl,"TTM_1.log
     RDKit          3D

 34 36  0  0  0  0  0  0  0  0999 V2000
   -1.2032    1.8386    2.1512 Cl  0  0  0  0  0  0  0  0  0  0  0  0
   -0.4664    2.3766    0.6794 C   0  0  0  0  0  0  0  0  0  0  0  0
   -0.3947    3.7439    0.4870 C   0  0  0  0  0  0  0  0  0  0  0  0
    0.2572    4.2202   -0.6362 C   0  0  0  0  0  0  0  0  0  0  0  0
    0.3616    5.9260   -0.8932 Cl  0  0  0  0  0  0  0  0  0  0  0  0
    0.8268    3.3604   -1.5580 C   0  0  0  0  0  0  0  0  0  0  0  0
    0.7311    1.9986   -1.3384 C   0  0  0  0  0  0  0  0  0  0  0  0
    1.3695    0.9680   -2.5749 Cl  0  0  0  0  0  0  0  0  0  0  0  0
    0.0877    1.4492   -0.2177 C   0  0  0  0  0  0  0  0  0  0  0  0
    0.0000    0.0022    0.0013 C   0  0  0  0  0  3  0  0  0  0  0  0
    1.2061   -0.8272   -0.0859 C   0  0  0  0  0  0  0  0  0  0  0  0
    1.2569   -1.9938   -0.8658 C   0  0  0  0  0  0  0  0  0  0  0  0
   -0.0940   -2.4510   -1.8480 Cl  0  0  0  0  0  0  0  0  0  0  0  0
    2.3839   -2.7898   -0.9551 C   0  0  0  0  0  0  0  0  0  0  0  0
    3.5139   -2.4174   -0.2497 C   0  0  0  0  0  0  0  0  0  0  0  0
    4.9343   -3.3966   -0.3504 Cl  0  0  0  0  0  0  0  0  0  0  0  0
    3.5313   -1.2780    0.5345 C   0  0  0  0  0  0  0  0  0  0  0  0
    2.3854   -0.5076    0.6061 C   0  0  0  0  0  0  0  0  0  0  0  0
    2.4290    0.8493    1.6816 Cl  0  0  0  0  0  0  0  0  0  0  0  0
   -1.2937   -0.6168    0.3057 C   0  0  0  0  0  0  0  0  0  0  0  0
   -2.4390   -0.3764   -0.4703 C   0  0  0  0  0  0  0  0  0  0  0  0
   -2.3433    0.6029   -1.8955 Cl  0  0  0  0  0  0  0  0  0  0  0  0
   -3.6664   -0.9516   -0.1974 C   0  0  0  0  0  0  0  0  0  0  0  0
   -3.7699   -1.8071    0.8845 C   0  0  0  0  0  0  0  0  0  0  0  0
   -5.2934   -2.5413    1.2403 Cl  0  0  0  0  0  0  0  0  0  0  0  0
   -2.6796   -2.0878    1.6881 C   0  0  0  0  0  0  0  0  0  0  0  0
   -1.4684   -1.4908    1.3910 C   0  0  0  0  0  0  0  0  0  0  0  0
   -0.1643   -1.7965    2.4888 Cl  0  0  0  0  0  0  0  0  0  0  0  0
   -0.8234    4.4223    1.2109 H   0  0  0  0  0  0  0  0  0  0  0  0
    1.3194    3.7392   -2.4422 H   0  0  0  0  0  0  0  0  0  0  0  0
    2.3833   -3.6719   -1.5794 H   0  0  0  0  0  0  0  0  0  0  0  0
    4.4125   -1.0030    1.0966 H   0  0  0  0  0  0  0  0  0  0  0  0
   -4.5183   -0.7495   -0.8307 H   0  0  0  0  0  0  0  0  0  0  0  0
   -2.7721   -2.7433    2.5421 H   0  0  0  0  0  0  0  0  0  0  0  0
  2  1  1  0
  3  2  2  0
  3 29  1  0
  4  3  1  0
  5  4  1  0
  6  7  1  0
  6  4  2  0
  7  9  2  0
  8  7  1  0
  9 10  1  0
  9  2  1  0
 10 20  1  0
 11 10  1  0
 11 18  1  0
 12 11  2  0
 13 12  1  0
 14 12  1  0
 14 15  2  0
 15 17  1  0
 16 15  1  0
 17 18  2  0
 17 32  1  0
 18 19  1  0
 20 27  2  0
 21 23  2  0
 21 20  1  0
 22 21  1  0
 23 24  1  0
 24 25  1  0
 24 26  2  0
 26 34  1  0
 27 26  1  0
 27 28  1  0
 30  6  1  0
 31 14  1  0
 33 23  1  0
M  RAD  1  10   2
M  END
",C,1.023027,83.92832277864109,0.3928622311144051
DBBB_1,[H]c1c(OC([H])([H])C([H])([H])OC([H])([H])[H])c(C(C([H])([H])[H])(C([H])([H])[H])C([H])([H])[H])c([H])c(OC([H])([H])C([H])([H])OC([H])([H])[H])c1C(C([H])([H])[H])(C([H])([H])[H])C([H])([H])[H],"DBBB_1.log
     RDKit          3D

 58 58  0  0  0  0  0  0  0  0999 V2000
    0.1068   -2.1679    3.4183 C   0  0  0  0  0  0  0  0  0  0  0  0
   -1.0350   -1.6624    2.5352 C   0  0  0  0  0  0  0  0  0  0  0  0
   -1.9771   -0.8327    3.4234 C   0  0  0  0  0  0  0  0  0  0  0  0
   -1.7715   -2.8924    1.9786 C   0  0  0  0  0  0  0  0  0  0  0  0
   -0.5029   -0.8068    1.3918 C   0  0  0  0  0  0  0  0  0  0  0  0
    0.8286   -0.5562    1.2264 C   0  0  0  0  0  0  0  0  0  0  0  0
    1.3227    0.2407    0.1652 C   0  0  0  0  0  0  0  0  0  0  0  0
    2.6005    0.4733    0.0195 O   0  0  0  0  0  0  0  0  0  0  0  0
    3.5832   -0.0775    0.9172 C   0  0  0  0  0  0  0  0  0  0  0  0
    4.9223    0.3945    0.4336 C   0  0  0  0  0  0  0  0  0  0  0  0
    5.1890   -0.1929   -0.8215 O   0  0  0  0  0  0  0  0  0  0  0  0
    6.4041    0.2800   -1.3726 C   0  0  0  0  0  0  0  0  0  0  0  0
    0.4447    0.8389   -0.8091 C   0  0  0  0  0  0  0  0  0  0  0  0
    0.9760    1.6938   -1.9533 C   0  0  0  0  0  0  0  0  0  0  0  0
    1.9154    0.8617   -2.8422 C   0  0  0  0  0  0  0  0  0  0  0  0
   -0.1667    2.2007   -2.8343 C   0  0  0  0  0  0  0  0  0  0  0  0
    1.7164    2.9228   -1.3996 C   0  0  0  0  0  0  0  0  0  0  0  0
   -0.8867    0.5876   -0.6436 C   0  0  0  0  0  0  0  0  0  0  0  0
   -1.3796   -0.2098    0.4167 C   0  0  0  0  0  0  0  0  0  0  0  0
   -2.6592   -0.4408    0.5620 O   0  0  0  0  0  0  0  0  0  0  0  0
   -3.6353    0.0955   -0.3444 C   0  0  0  0  0  0  0  0  0  0  0  0
   -4.9740   -0.3867    0.1845 C   0  0  0  0  0  0  0  0  0  0  0  0
   -6.0441    0.1592   -0.5542 O   0  0  0  0  0  0  0  0  0  0  0  0
   -6.1955   -0.4172   -1.8420 C   0  0  0  0  0  0  0  0  0  0  0  0
    0.8059   -2.7925    2.8590 H   0  0  0  0  0  0  0  0  0  0  0  0
    0.6593   -1.3454    3.8765 H   0  0  0  0  0  0  0  0  0  0  0  0
   -0.3183   -2.7737    4.2189 H   0  0  0  0  0  0  0  0  0  0  0  0
   -2.2849   -1.4462    4.2721 H   0  0  0  0  0  0  0  0  0  0  0  0
   -1.4615    0.0482    3.8106 H   0  0  0  0  0  0  0  0  0  0  0  0
   -2.8712   -0.5102    2.8947 H   0  0  0  0  0  0  0  0  0  0  0  0
   -2.6588   -2.6245    1.4094 H   0  0  0  0  0  0  0  0  0  0  0  0
   -1.1087   -3.4793    1.3398 H   0  0  0  0  0  0  0  0  0  0  0  0
   -2.0801   -3.5211    2.8158 H   0  0  0  0  0  0  0  0  0  0  0  0
    1.5418   -0.9705    1.9199 H   0  0  0  0  0  0  0  0  0  0  0  0
    3.3922    0.2884    1.9263 H   0  0  0  0  0  0  0  0  0  0  0  0
    3.5129   -1.1656    0.8903 H   0  0  0  0  0  0  0  0  0  0  0  0
    4.9272    1.4875    0.3508 H   0  0  0  0  0  0  0  0  0  0  0  0
    5.6812    0.0997    1.1669 H   0  0  0  0  0  0  0  0  0  0  0  0
    6.3611    1.3614   -1.5343 H   0  0  0  0  0  0  0  0  0  0  0  0
    6.5496   -0.2230   -2.3264 H   0  0  0  0  0  0  0  0  0  0  0  0
    7.2447    0.0523   -0.7099 H   0  0  0  0  0  0  0  0  0  0  0  0
    2.2232    1.4744   -3.6916 H   0  0  0  0  0  0  0  0  0  0  0  0
    1.3975   -0.0183   -3.2285 H   0  0  0  0  0  0  0  0  0  0  0  0
    2.8095    0.5378   -2.3142 H   0  0  0  0  0  0  0  0  0  0  0  0
   -0.8637    2.8268   -2.2740 H   0  0  0  0  0  0  0  0  0  0  0  0
    0.2578    2.8054   -3.6361 H   0  0  0  0  0  0  0  0  0  0  0  0
   -0.7215    1.3790   -3.2911 H   0  0  0  0  0  0  0  0  0  0  0  0
    2.0198    3.5524   -2.2380 H   0  0  0  0  0  0  0  0  0  0  0  0
    1.0582    3.5094   -0.7557 H   0  0  0  0  0  0  0  0  0  0  0  0
    2.6075    2.6535   -0.8369 H   0  0  0  0  0  0  0  0  0  0  0  0
   -1.6011    1.0026   -1.3357 H   0  0  0  0  0  0  0  0  0  0  0  0
   -3.5826    1.1851   -0.3328 H   0  0  0  0  0  0  0  0  0  0  0  0
   -3.4272   -0.2789   -1.3470 H   0  0  0  0  0  0  0  0  0  0  0  0
   -5.0086   -1.4814    0.1633 H   0  0  0  0  0  0  0  0  0  0  0  0
   -5.0916   -0.0516    1.2155 H   0  0  0  0  0  0  0  0  0  0  0  0
   -7.1375   -0.0531   -2.2473 H   0  0  0  0  0  0  0  0  0  0  0  0
   -5.3849   -0.1253   -2.5138 H   0  0  0  0  0  0  0  0  0  0  0  0
   -6.2294   -1.5084   -1.7723 H   0  0  0  0  0  0  0  0  0  0  0  0
  1 26  1  0
  1 27  1  0
  2  1  1  0
  2  3  1  0
  3 29  1  0
  3 28  1  0
  4  2  1  0
  4 33  1  0
  5  2  1  0
  6  5  2  0
  6 34  1  0
  7  6  1  0
  8  7  1  0
  8  9  1  0
  9 35  1  0
 10  9  1  0
 10 38  1  0
 11 10  1  0
 12 11  1  0
 12 41  1  0
 13 18  1  0
 13  7  2  0
 14 17  1  0
 14 13  1  0
 15 44  1  0
 15 14  1  0
 16 45  1  0
 16 14  1  0
 17 50  1  0
 17 49  1  0
 18 19  2  0
 19 20  1  0
 19  5  1  0
 21 52  1  0
 21 22  1  0
 21 20  1  0
 22 55  1  0
 23 22  1  0
 24 58  1  0
 24 23  1  0
 25  1  1  0
 30  3  1  0
 31  4  1  0
 32  4  1  0
 36  9  1  0
 37 10  1  0
 39 12  1  0
 40 12  1  0
 42 15  1  0
 43 15  1  0
 46 16  1  0
 47 16  1  0
 48 17  1  0
 51 18  1  0
 53 21  1  0
 54 22  1  0
 56 24  1  0
 57 24  1  0
M  END
",C,0.241433,61.045963518276366,0.23911904500152031
TDT_1,[H]c1c(OC([H])([H])[H])c(OC([H])([H])[H])c([H])c2c1C(C([H])([H])[H])(C([H])([H])[H])C([H])([H])C([H])([H])C2(C([H])([H])[H])C([H])([H])[H],"TDT_1.log
     RDKit          3D

 42 43  0  0  0  0  0  0  0  0999 V2000
   -1.5093    2.4224   -1.3108 C   0  0  0  0  0  0  0  0  0  0  0  0
   -1.5212    1.6810    0.0376 C   0  0  0  0  0  0  0  0  0  0  0  0
   -1.5968    2.7163    1.1636 C   0  0  0  0  0  0  0  0  0  0  0  0
   -0.2441    0.8617    0.1234 C   0  0  0  0  0  0  0  0  0  0  0  0
   -0.2237   -0.5626   -0.1328 C   0  0  0  0  0  0  0  0  0  0  0  0
    0.9744   -1.2477   -0.0665 C   0  0  0  0  0  0  0  0  0  0  0  0
    2.1765   -0.6106    0.2206 C   0  0  0  0  0  0  0  0  0  0  0  0
    3.3378   -1.2159    0.2957 O   0  0  0  0  0  0  0  0  0  0  0  0
    3.4132   -2.6305    0.0718 C   0  0  0  0  0  0  0  0  0  0  0  0
    2.1641    0.8183    0.4575 C   0  0  0  0  0  0  0  0  0  0  0  0
    3.2056    1.5593    0.7283 O   0  0  0  0  0  0  0  0  0  0  0  0
    4.5658    1.0995    0.8339 C   0  0  0  0  0  0  0  0  0  0  0  0
    0.9360    1.4964    0.4003 C   0  0  0  0  0  0  0  0  0  0  0  0
   -1.4874   -1.3544   -0.4151 C   0  0  0  0  0  0  0  0  0  0  0  0
   -1.8234   -2.1533    0.8586 C   0  0  0  0  0  0  0  0  0  0  0  0
   -1.2799   -2.3394   -1.5715 C   0  0  0  0  0  0  0  0  0  0  0  0
   -2.6543   -0.4300   -0.7791 C   0  0  0  0  0  0  0  0  0  0  0  0
   -2.7509    0.7728    0.1375 C   0  0  0  0  0  0  0  0  0  0  0  0
   -1.4337    1.7364   -2.1550 H   0  0  0  0  0  0  0  0  0  0  0  0
   -2.4308    2.9996   -1.4124 H   0  0  0  0  0  0  0  0  0  0  0  0
   -0.6626    3.1093   -1.3562 H   0  0  0  0  0  0  0  0  0  0  0  0
   -0.8349    3.4898    1.0686 H   0  0  0  0  0  0  0  0  0  0  0  0
   -1.4926    2.2399    2.1401 H   0  0  0  0  0  0  0  0  0  0  0  0
   -2.5717    3.2063    1.1234 H   0  0  0  0  0  0  0  0  0  0  0  0
    3.0634   -2.8644   -0.9329 H   0  0  0  0  0  0  0  0  0  0  0  0
    2.8187   -3.1544    0.8195 H   0  0  0  0  0  0  0  0  0  0  0  0
    4.4632   -2.8810    0.1774 H   0  0  0  0  0  0  0  0  0  0  0  0
    4.6529    0.3789    1.6425 H   0  0  0  0  0  0  0  0  0  0  0  0
    5.1336    1.9967    1.0572 H   0  0  0  0  0  0  0  0  0  0  0  0
    4.8864    0.6670   -0.1099 H   0  0  0  0  0  0  0  0  0  0  0  0
    0.9734    2.5619    0.5815 H   0  0  0  0  0  0  0  0  0  0  0  0
   -2.7300   -2.7356    0.6824 H   0  0  0  0  0  0  0  0  0  0  0  0
   -1.0120   -2.8397    1.1049 H   0  0  0  0  0  0  0  0  0  0  0  0
   -1.9901   -1.5001    1.7158 H   0  0  0  0  0  0  0  0  0  0  0  0
   -0.5797   -3.1364   -1.3222 H   0  0  0  0  0  0  0  0  0  0  0  0
   -2.2394   -2.8042   -1.8070 H   0  0  0  0  0  0  0  0  0  0  0  0
   -0.9213   -1.8232   -2.4637 H   0  0  0  0  0  0  0  0  0  0  0  0
   -2.5379   -0.1003   -1.8147 H   0  0  0  0  0  0  0  0  0  0  0  0
   -3.5735   -1.0180   -0.7379 H   0  0  0  0  0  0  0  0  0  0  0  0
   -3.6329    1.3689   -0.1064 H   0  0  0  0  0  0  0  0  0  0  0  0
   -2.8664    0.4451    1.1744 H   0  0  0  0  0  0  0  0  0  0  0  0
    0.9867   -2.3141   -0.2318 H   0  0  0  0  0  0  0  0  0  0  0  0
  1  2  1  0
  2  4  1  0
  2 18  1  0
  2  3  1  0
  3 23  1  0
  4 13  2  0
  5  6  2  0
  5  4  1  0
  6  7  1  0
  7  8  1  0
  7 10  2  0
  9 27  1  0
  9  8  1  0
  9 26  1  0
 10 11  1  0
 11 12  1  0
 12 29  1  0
 12 28  1  0
 13 10  1  0
 13 31  1  0
 14  5  1  0
 14 15  1  0
 15 33  1  0
 15 34  1  0
 16 35  1  0
 16 14  1  0
 17 39  1  0
 17 14  1  0
 17 18  1  0
 18 41  1  0
 19  1  1  0
 20  1  1  0
 21  1  1  0
 22  3  1  0
 24  3  1  0
 25  9  1  0
 30 12  1  0
 32 15  1  0
 36 16  1  0
 37 16  1  0
 38 17  1  0
 40 18  1  0
 42  6  1  0
M  END
",C,0.249474,69.34591216863066,0.19407432070798225
tban,[H]c1c([H])c([H])c(N([O])C(C([H])([H])[H])(C([H])([H])[H])C([H])([H])[H])c([H])c1[H],"tban.log
     RDKit          3D

 26 26  0  0  0  0  0  0  0  0999 V2000
   -2.8029    0.4340   -0.3119 C   0  0  0  0  0  0  0  0  0  0  0  0
   -1.4232    0.2740   -0.2103 C   0  0  0  0  0  0  0  0  0  0  0  0
   -0.6174    1.3559    0.1422 C   0  0  0  0  0  0  0  0  0  0  0  0
   -1.1946    2.5856    0.4119 C   0  0  0  0  0  0  0  0  0  0  0  0
   -2.5724    2.7484    0.3262 C   0  0  0  0  0  0  0  0  0  0  0  0
   -3.3688    1.6716   -0.0394 C   0  0  0  0  0  0  0  0  0  0  0  0
   -3.4328   -0.3840   -0.6286 H   0  0  0  0  0  0  0  0  0  0  0  0
    0.4530    1.2184    0.2102 H   0  0  0  0  0  0  0  0  0  0  0  0
   -0.5646    3.4191    0.6947 H   0  0  0  0  0  0  0  0  0  0  0  0
   -4.4406    1.7934   -0.1279 H   0  0  0  0  0  0  0  0  0  0  0  0
   -0.7831   -0.9611   -0.5092 N   0  0  0  0  0  0  0  0  0  0  0  0
    0.3352   -0.8976   -1.1154 O   0  0  0  0  0  1  0  0  0  0  0  0
   -1.2990   -2.3150   -0.1238 C   0  0  0  0  0  0  0  0  0  0  0  0
   -0.0877   -3.2080    0.1338 C   0  0  0  0  0  0  0  0  0  0  0  0
    0.5496   -2.7850    0.9116 H   0  0  0  0  0  0  0  0  0  0  0  0
   -0.4501   -4.1789    0.4710 H   0  0  0  0  0  0  0  0  0  0  0  0
    0.5037   -3.3535   -0.7672 H   0  0  0  0  0  0  0  0  0  0  0  0
   -2.1139   -2.8825   -1.2846 C   0  0  0  0  0  0  0  0  0  0  0  0
   -3.0091   -2.2931   -1.4797 H   0  0  0  0  0  0  0  0  0  0  0  0
   -1.5066   -2.9126   -2.1905 H   0  0  0  0  0  0  0  0  0  0  0  0
   -2.4207   -3.9005   -1.0396 H   0  0  0  0  0  0  0  0  0  0  0  0
   -2.1236   -2.2285    1.1573 C   0  0  0  0  0  0  0  0  0  0  0  0
   -1.5701   -1.7061    1.9394 H   0  0  0  0  0  0  0  0  0  0  0  0
   -3.0831   -1.7369    1.0173 H   0  0  0  0  0  0  0  0  0  0  0  0
   -2.3192   -3.2452    1.4985 H   0  0  0  0  0  0  0  0  0  0  0  0
   -3.0215    3.7102    0.5369 H   0  0  0  0  0  0  0  0  0  0  0  0
  1  2  2  0
  1  6  1  0
  2  3  1  0
  3  8  1  0
  3  4  2  0
  4  9  1  0
  5  4  1  0
  5 26  1  0
  6  5  2  0
  7  1  1  0
 10  6  1  0
 11  2  1  0
 11 13  1  0
 12 11  1  0
 13 14  1  0
 13 22  1  0
 14 16  1  0
 14 15  1  0
 17 14  1  0
 18 21  1  0
 18 13  1  0
 19 18  1  0
 20 18  1  0
 22 25  1  0
 22 23  1  0
 24 22  1  0
M  RAD  1  12   2
M  END
",N,0.475338,59.13054739,0.33301760025109195
BP_1,[H]c1c([H])c([H])c([C]([O])c2c([H])c([H])c([H])c([H])c2[H])c([H])c1[H],"BP_1.log
     RDKit          3D

 24 25  0  0  0  0  0  0  0  0999 V2000
    0.2016    2.2522   -1.1933 O   0  0  0  0  0  1  0  0  0  0  0  0
    0.0980    1.0943   -0.6222 C   0  0  0  0  0  3  0  0  0  0  0  0
    1.3106    0.4327   -0.1460 C   0  0  0  0  0  0  0  0  0  0  0  0
    1.4390   -0.9643    0.0162 C   0  0  0  0  0  0  0  0  0  0  0  0
    2.6322   -1.5377    0.4195 C   0  0  0  0  0  0  0  0  0  0  0  0
    3.7534   -0.7507    0.6781 C   0  0  0  0  0  0  0  0  0  0  0  0
    3.6568    0.6271    0.5016 C   0  0  0  0  0  0  0  0  0  0  0  0
    2.4683    1.2063    0.0908 C   0  0  0  0  0  0  0  0  0  0  0  0
   -1.2259    0.4969   -0.4726 C   0  0  0  0  0  0  0  0  0  0  0  0
   -2.2825    0.9526   -1.2927 C   0  0  0  0  0  0  0  0  0  0  0  0
   -3.5680    0.4554   -1.1646 C   0  0  0  0  0  0  0  0  0  0  0  0
   -3.8668   -0.5064   -0.2030 C   0  0  0  0  0  0  0  0  0  0  0  0
   -2.8470   -0.9486    0.6385 C   0  0  0  0  0  0  0  0  0  0  0  0
   -1.5582   -0.4611    0.5113 C   0  0  0  0  0  0  0  0  0  0  0  0
    0.6044   -1.6114   -0.2172 H   0  0  0  0  0  0  0  0  0  0  0  0
    2.6941   -2.6148    0.5205 H   0  0  0  0  0  0  0  0  0  0  0  0
    4.6833   -1.2032    0.9968 H   0  0  0  0  0  0  0  0  0  0  0  0
    4.5189    1.2567    0.6878 H   0  0  0  0  0  0  0  0  0  0  0  0
    2.4155    2.2789   -0.0419 H   0  0  0  0  0  0  0  0  0  0  0  0
   -2.0716    1.7014   -2.0446 H   0  0  0  0  0  0  0  0  0  0  0  0
   -4.3476    0.8209   -1.8226 H   0  0  0  0  0  0  0  0  0  0  0  0
   -4.8726   -0.8927   -0.1014 H   0  0  0  0  0  0  0  0  0  0  0  0
   -3.0639   -1.6728    1.4148 H   0  0  0  0  0  0  0  0  0  0  0  0
   -0.8058   -0.7957    1.2125 H   0  0  0  0  0  0  0  0  0  0  0  0
  1  2  1  0
  2  9  1  0
  2  3  1  0
  3  4  2  0
  3  8  1  0
  4  5  1  0
  5 16  1  0
  5  6  2  0
  6 17  1  0
  7  6  1  0
  7 18  1  0
  8  7  2  0
  9 14  2  0
 10 11  2  0
 10  9  1  0
 11 12  1  0
 12 22  1  0
 12 13  2  0
 13 23  1  0
 14 13  1  0
 14 24  1  0
 15  4  1  0
 19  8  1  0
 20 10  1  0
 21 11  1  0
M  RAD  2   1   2   2   2
M  END
",C,0.316481,50.611941971512096,0.1735625117566184
trityl,[H]c1c([H])c([H])c([C](c2c([H])c([H])c([H])c([H])c2[H])c2c([H])c([H])c([H])c([H])c2[H])c([H])c1[H],"trityl.log
     RDKit          3D

 34 36  0  0  0  0  0  0  0  0999 V2000
    0.5803   -0.2548   -0.0004 C   0  0  0  0  0  3  0  0  0  0  0  0
   -0.5660    0.6470    0.0010 C   0  0  0  0  0  0  0  0  0  0  0  0
   -0.5153    1.8880    0.6600 C   0  0  0  0  0  0  0  0  0  0  0  0
   -1.7620    0.3078   -0.6560 C   0  0  0  0  0  0  0  0  0  0  0  0
   -1.6065    2.7406    0.6666 C   0  0  0  0  0  0  0  0  0  0  0  0
    0.3852    2.1709    1.1901 H   0  0  0  0  0  0  0  0  0  0  0  0
   -2.8476    1.1674   -0.6563 C   0  0  0  0  0  0  0  0  0  0  0  0
   -1.8265   -0.6327   -1.1883 H   0  0  0  0  0  0  0  0  0  0  0  0
   -2.7787    2.3881    0.0065 C   0  0  0  0  0  0  0  0  0  0  0  0
   -1.5439    3.6839    1.1944 H   0  0  0  0  0  0  0  0  0  0  0  0
   -3.7513    0.8863   -1.1823 H   0  0  0  0  0  0  0  0  0  0  0  0
   -3.6295    3.0573    0.0087 H   0  0  0  0  0  0  0  0  0  0  0  0
    1.9342    0.2884   -0.0014 C   0  0  0  0  0  0  0  0  0  0  0  0
    2.9848   -0.3710    0.6604 C   0  0  0  0  0  0  0  0  0  0  0  0
    2.2359    1.4909   -0.6645 C   0  0  0  0  0  0  0  0  0  0  0  0
    4.2683    0.1490    0.6622 C   0  0  0  0  0  0  0  0  0  0  0  0
    2.7812   -1.2896    1.1958 H   0  0  0  0  0  0  0  0  0  0  0  0
    3.5227    2.0025   -0.6697 C   0  0  0  0  0  0  0  0  0  0  0  0
    1.4522    2.0136   -1.1981 H   0  0  0  0  0  0  0  0  0  0  0  0
    4.5470    1.3370   -0.0048 C   0  0  0  0  0  0  0  0  0  0  0  0
    5.0553   -0.3730    1.1918 H   0  0  0  0  0  0  0  0  0  0  0  0
    3.7295    2.9233   -1.2005 H   0  0  0  0  0  0  0  0  0  0  0  0
    5.5515    1.7399   -0.0064 H   0  0  0  0  0  0  0  0  0  0  0  0
    0.3740   -1.6985   -0.0004 C   0  0  0  0  0  0  0  0  0  0  0  0
   -0.7277   -2.2780    0.6537 C   0  0  0  0  0  0  0  0  0  0  0  0
    1.2706   -2.5627   -0.6536 C   0  0  0  0  0  0  0  0  0  0  0  0
   -0.9176   -3.6496    0.6585 C   0  0  0  0  0  0  0  0  0  0  0  0
   -1.4268   -1.6416    1.1810 H   0  0  0  0  0  0  0  0  0  0  0  0
    1.0718   -3.9330   -0.6557 C   0  0  0  0  0  0  0  0  0  0  0  0
    2.1189   -2.1467   -1.1820 H   0  0  0  0  0  0  0  0  0  0  0  0
   -0.0214   -4.4864    0.0022 C   0  0  0  0  0  0  0  0  0  0  0  0
   -1.7673   -4.0694    1.1821 H   0  0  0  0  0  0  0  0  0  0  0  0
    1.7711   -4.5735   -1.1783 H   0  0  0  0  0  0  0  0  0  0  0  0
   -0.1735   -5.5580    0.0034 H   0  0  0  0  0  0  0  0  0  0  0  0
  1 24  1  0
  1  2  1  0
  2  3  2  0
  3  5  1  0
  3  6  1  0
  4  2  1  0
  5 10  1  0
  7  4  2  0
  7  9  1  0
  8  4  1  0
  9 12  1  0
  9  5  2  0
 11  7  1  0
 13  1  1  0
 13 14  2  0
 14 16  1  0
 14 17  1  0
 15 13  1  0
 16 21  1  0
 18 15  2  0
 18 20  1  0
 19 15  1  0
 20 16  2  0
 22 18  1  0
 23 20  1  0
 24 25  2  0
 25 27  1  0
 25 28  1  0
 26 24  1  0
 27 32  1  0
 29 26  2  0
 29 31  1  0
 30 26  1  0
 31 34  1  0
 31 27  2  0
 33 29  1  0
M  RAD  1   1   2
M  END
",C,0.564118,64.27246561,0.2460126164118018
N-MP_1,[H]c1c([H])c([H])c2c(c1[H])C(=O)N(C([H])([H])[H])C2=O,"N-MP_1.log
     RDKit          3D

 19 20  0  0  0  0  0  0  0  0999 V2000
   -1.1471   -2.4963    0.0866 O   0  0  0  0  0  0  0  0  0  0  0  0
   -0.7963   -1.2914    0.0313 C   0  0  0  0  0  0  0  0  0  0  0  0
   -1.7023   -0.2441   -0.1015 N   0  0  0  0  0  0  0  0  0  0  0  0
   -3.1283   -0.4515   -0.1895 C   0  0  0  0  0  0  0  0  0  0  0  0
   -1.0732    0.9990   -0.1396 C   0  0  0  0  0  0  0  0  0  0  0  0
    0.3310    0.7243   -0.0232 C   0  0  0  0  0  0  0  0  0  0  0  0
    1.4422    1.5772   -0.0030 C   0  0  0  0  0  0  0  0  0  0  0  0
    2.6965    1.0216    0.1201 C   0  0  0  0  0  0  0  0  0  0  0  0
    2.8672   -0.3834    0.2246 C   0  0  0  0  0  0  0  0  0  0  0  0
    1.7844   -1.2344    0.2065 C   0  0  0  0  0  0  0  0  0  0  0  0
    0.5018   -0.6837    0.0817 C   0  0  0  0  0  0  0  0  0  0  0  0
   -1.6835    2.0895   -0.2550 O   0  0  0  0  0  0  0  0  0  0  0  0
   -3.3742   -1.0640   -1.0572 H   0  0  0  0  0  0  0  0  0  0  0  0
   -3.4998   -0.9495    0.7064 H   0  0  0  0  0  0  0  0  0  0  0  0
   -3.6117    0.5171   -0.2869 H   0  0  0  0  0  0  0  0  0  0  0  0
    1.3144    2.6506   -0.0826 H   0  0  0  0  0  0  0  0  0  0  0  0
    3.5696    1.6614    0.1378 H   0  0  0  0  0  0  0  0  0  0  0  0
    3.8675   -0.7866    0.3198 H   0  0  0  0  0  0  0  0  0  0  0  0
    1.9188   -2.3069    0.2861 H   0  0  0  0  0  0  0  0  0  0  0  0
  2 11  1  0
  2  1  2  0
  3  2  1  0
  4  3  1  0
  4 14  1  0
  5  3  1  0
  5  6  1  0
  6  7  1  0
  6 11  2  0
  7  8  2  0
  8 17  1  0
  8  9  1  0
  9 18  1  0
 10  9  2  0
 10 19  1  0
 11 10  1  0
 12  5  2  0
 13  4  1  0
 15  4  1  0
 16  7  1  0
M  END
",O,0.165486,33.0893513090507,0.14590779963004172
FL_1,[H]c1c([H])c([H])c2c(c1[H])C(=O)c1c([H])c([H])c([H])c([H])c1-2,"FL_1.log
     RDKit          3D

 22 24  0  0  0  0  0  0  0  0999 V2000
   -0.2248   -3.0318    0.3561 O   0  0  0  0  0  0  0  0  0  0  0  0
   -0.1303   -1.7667    0.2058 C   0  0  0  0  0  0  0  0  0  0  0  0
   -1.2178   -0.8040    0.1856 C   0  0  0  0  0  0  0  0  0  0  0  0
   -0.6905    0.5038   -0.0008 C   0  0  0  0  0  0  0  0  0  0  0  0
   -1.5389    1.6030   -0.0521 C   0  0  0  0  0  0  0  0  0  0  0  0
   -2.9086    1.4060    0.0804 C   0  0  0  0  0  0  0  0  0  0  0  0
   -3.4314    0.1160    0.2637 C   0  0  0  0  0  0  0  0  0  0  0  0
   -2.5983   -0.9891    0.3170 C   0  0  0  0  0  0  0  0  0  0  0  0
    0.7561    0.3848   -0.1043 C   0  0  0  0  0  0  0  0  0  0  0  0
    1.0852   -0.9935    0.0208 C   0  0  0  0  0  0  0  0  0  0  0  0
    2.4221   -1.4013   -0.0426 C   0  0  0  0  0  0  0  0  0  0  0  0
    3.4072   -0.4454   -0.2265 C   0  0  0  0  0  0  0  0  0  0  0  0
    3.0799    0.9144   -0.3486 C   0  0  0  0  0  0  0  0  0  0  0  0
    1.7555    1.3324   -0.2879 C   0  0  0  0  0  0  0  0  0  0  0  0
   -1.1413    2.6018   -0.1933 H   0  0  0  0  0  0  0  0  0  0  0  0
   -3.5805    2.2541    0.0426 H   0  0  0  0  0  0  0  0  0  0  0  0
   -4.5022   -0.0129    0.3643 H   0  0  0  0  0  0  0  0  0  0  0  0
   -3.0077   -1.9829    0.4591 H   0  0  0  0  0  0  0  0  0  0  0  0
    2.6812   -2.4499    0.0515 H   0  0  0  0  0  0  0  0  0  0  0  0
    4.4462   -0.7471   -0.2771 H   0  0  0  0  0  0  0  0  0  0  0  0
    3.8681    1.6427   -0.4911 H   0  0  0  0  0  0  0  0  0  0  0  0
    1.5090    2.3840   -0.3829 H   0  0  0  0  0  0  0  0  0  0  0  0
  2  1  2  0
  3  2  1  0
  3  8  2  0
  4  3  1  0
  5  4  2  0
  5  6  1  0
  6  7  2  0
  7  8  1  0
  7 17  1  0
  8 18  1  0
  9  4  1  0
  9 10  2  0
 10  2  1  0
 11 10  1  0
 11 19  1  0
 12 11  2  0
 13 14  2  0
 13 12  1  0
 14  9  1  0
 15  5  1  0
 16  6  1  0
 20 12  1  0
 21 13  1  0
 22 14  1  0
M  END
",O,0.239891,31.99368353332229,0.17778197731508757
DB-134-cation_1,[H]c1c([H])c([H])c2c(c1[H])C(=O)c1c(c(N([H])C([H])(C([H])([H])[H])C([H])([H])[H])c([H])c([H])c1N([H])C([H])(C([H])([H])[H])C([H])([H])[H])C2=O,"DB-134-cation_1.log
     RDKit          3D

 46 48  0  0  0  0  0  0  0  0999 V2000
   -2.6514    1.7738   -0.6418 O   0  0  0  0  0  0  0  0  0  0  0  0
   -1.4473    1.7682   -0.4181 C   0  0  0  0  0  0  0  0  0  0  0  0
   -0.7248    3.0543   -0.3323 C   0  0  0  0  0  0  0  0  0  0  0  0
    0.6433    3.0822   -0.0828 C   0  0  0  0  0  0  0  0  0  0  0  0
    1.3131    4.2999   -0.0069 C   0  0  0  0  0  0  0  0  0  0  0  0
    0.6133    5.4816   -0.1810 C   0  0  0  0  0  0  0  0  0  0  0  0
   -0.7559    5.4538   -0.4310 C   0  0  0  0  0  0  0  0  0  0  0  0
   -1.4252    4.2444   -0.5068 C   0  0  0  0  0  0  0  0  0  0  0  0
   -0.6932    0.5049   -0.2298 C   0  0  0  0  0  0  0  0  0  0  0  0
    0.6791    0.5331    0.0236 C   0  0  0  0  0  0  0  0  0  0  0  0
    1.4059   -0.6980    0.2106 C   0  0  0  0  0  0  0  0  0  0  0  0
    2.7024   -0.7194    0.4567 N   0  0  0  0  0  0  0  0  0  0  0  0
    3.5493   -1.9055    0.6299 C   0  0  0  0  0  0  0  0  0  0  0  0
    4.8000   -1.4771    1.3756 C   0  0  0  0  0  0  0  0  0  0  0  0
    3.8834   -2.5194   -0.7237 C   0  0  0  0  0  0  0  0  0  0  0  0
    0.6828   -1.9369    0.1305 C   0  0  0  0  0  0  0  0  0  0  0  0
   -0.6354   -1.9639   -0.1168 C   0  0  0  0  0  0  0  0  0  0  0  0
   -1.3881   -0.7555   -0.3106 C   0  0  0  0  0  0  0  0  0  0  0  0
   -2.6820   -0.8323   -0.5597 N   0  0  0  0  0  0  0  0  0  0  0  0
   -3.4956   -2.0519   -0.6268 C   0  0  0  0  0  0  0  0  0  0  0  0
   -3.8215   -2.5477    0.7765 C   0  0  0  0  0  0  0  0  0  0  0  0
   -4.7526   -1.7302   -1.4147 C   0  0  0  0  0  0  0  0  0  0  0  0
    1.3997    1.8267    0.1050 C   0  0  0  0  0  0  0  0  0  0  0  0
    2.6036    1.8827    0.3232 O   0  0  0  0  0  0  0  0  0  0  0  0
    2.3765    4.3110    0.1879 H   0  0  0  0  0  0  0  0  0  0  0  0
    1.1332    6.4286   -0.1223 H   0  0  0  0  0  0  0  0  0  0  0  0
   -1.2995    6.3794   -0.5669 H   0  0  0  0  0  0  0  0  0  0  0  0
   -2.4883    4.2127   -0.7011 H   0  0  0  0  0  0  0  0  0  0  0  0
    3.1631    0.1884    0.4837 H   0  0  0  0  0  0  0  0  0  0  0  0
    3.0010   -2.6234    1.2390 H   0  0  0  0  0  0  0  0  0  0  0  0
    4.5534   -1.0592    2.3516 H   0  0  0  0  0  0  0  0  0  0  0  0
    5.3468   -0.7282    0.7986 H   0  0  0  0  0  0  0  0  0  0  0  0
    5.4485   -2.3402    1.5203 H   0  0  0  0  0  0  0  0  0  0  0  0
    2.9826   -2.7868   -1.2769 H   0  0  0  0  0  0  0  0  0  0  0  0
    4.4627   -1.8133   -1.3209 H   0  0  0  0  0  0  0  0  0  0  0  0
    4.4793   -3.4196   -0.5728 H   0  0  0  0  0  0  0  0  0  0  0  0
    1.2107   -2.8680    0.2705 H   0  0  0  0  0  0  0  0  0  0  0  0
   -1.1419   -2.9156   -0.1704 H   0  0  0  0  0  0  0  0  0  0  0  0
   -3.1660    0.0572   -0.6675 H   0  0  0  0  0  0  0  0  0  0  0  0
   -2.9230   -2.8072   -1.1642 H   0  0  0  0  0  0  0  0  0  0  0  0
   -4.3935   -3.4731    0.7075 H   0  0  0  0  0  0  0  0  0  0  0  0
   -4.4216   -1.8050    1.3049 H   0  0  0  0  0  0  0  0  0  0  0  0
   -2.9169   -2.7399    1.3543 H   0  0  0  0  0  0  0  0  0  0  0  0
   -5.3230   -0.9455   -0.9131 H   0  0  0  0  0  0  0  0  0  0  0  0
   -4.5108   -1.3997   -2.4248 H   0  0  0  0  0  0  0  0  0  0  0  0
   -5.3764   -2.6207   -1.4794 H   0  0  0  0  0  0  0  0  0  0  0  0
  1  2  2  0
  2  3  1  0
  2  9  1  0
  3  4  2  0
  4  5  1  0
  4 23  1  0
  5 25  1  0
  6 26  1  0
  6  5  2  0
  7  6  1  0
  8  7  2  0
  8  3  1  0
  9 10  2  0
 10 23  1  0
 10 11  1  0
 11 12  1  0
 12 29  1  0
 12 13  1  0
 13 30  1  0
 13 14  1  0
 14 33  1  0
 14 31  1  0
 15 36  1  0
 15 13  1  0
 16 11  2  0
 16 37  1  0
 17 16  1  0
 18  9  1  0
 18 17  2  0
 19 18  1  0
 20 19  1  0
 20 21  1  0
 21 42  1  0
 21 43  1  0
 22 44  1  0
 22 20  1  0
 23 24  2  0
 27  7  1  0
 28  8  1  0
 32 14  1  0
 34 15  1  0
 35 15  1  0
 38 17  1  0
 39 19  1  0
 40 20  1  0
 41 21  1  0
 45 22  1  0
 46 22  1  0
M  END
",N,0.267701,56.14033011149932,0.11811123327609424
EPT_1,[H]c1c([H])c([H])c2c(c1[H])Sc1c([H])c([H])c([H])c([H])c1N2C([H])([H])C([H])([H])[H],"EPT_1.log
     RDKit          3D

 29 31  0  0  0  0  0  0  0  0999 V2000
   -0.0935    2.8253    0.1150 C   0  0  0  0  0  0  0  0  0  0  0  0
   -0.0988    1.6703    1.1010 C   0  0  0  0  0  0  0  0  0  0  0  0
   -0.0291    0.3508    0.4358 N   0  0  0  0  0  0  0  0  0  0  0  0
    1.2236   -0.1694    0.1579 C   0  0  0  0  0  0  0  0  0  0  0  0
    1.4048   -1.4925   -0.3002 C   0  0  0  0  0  0  0  0  0  0  0  0
    2.6859   -2.0060   -0.5441 C   0  0  0  0  0  0  0  0  0  0  0  0
    3.7931   -1.2214   -0.3519 C   0  0  0  0  0  0  0  0  0  0  0  0
    3.6303    0.0991    0.0854 C   0  0  0  0  0  0  0  0  0  0  0  0
    2.3842    0.6151    0.3364 C   0  0  0  0  0  0  0  0  0  0  0  0
    0.1105   -2.5878   -0.5592 S   0  0  0  0  0  0  0  0  0  0  0  0
   -1.2751   -1.5931   -0.3792 C   0  0  0  0  0  0  0  0  0  0  0  0
   -1.2194   -0.2577    0.0753 C   0  0  0  0  0  0  0  0  0  0  0  0
   -2.4413    0.4443    0.1616 C   0  0  0  0  0  0  0  0  0  0  0  0
   -3.6288   -0.1627   -0.1597 C   0  0  0  0  0  0  0  0  0  0  0  0
   -3.6690   -1.4978   -0.5807 C   0  0  0  0  0  0  0  0  0  0  0  0
   -2.4983   -2.2016   -0.6921 C   0  0  0  0  0  0  0  0  0  0  0  0
   -0.9488    2.7759   -0.5582 H   0  0  0  0  0  0  0  0  0  0  0  0
    0.8147    2.8308   -0.4870 H   0  0  0  0  0  0  0  0  0  0  0  0
   -0.1451    3.7604    0.6723 H   0  0  0  0  0  0  0  0  0  0  0  0
    0.7371    1.7268    1.7902 H   0  0  0  0  0  0  0  0  0  0  0  0
   -0.9910    1.6746    1.7185 H   0  0  0  0  0  0  0  0  0  0  0  0
    2.7847   -3.0275   -0.8904 H   0  0  0  0  0  0  0  0  0  0  0  0
    4.7806   -1.6178   -0.5437 H   0  0  0  0  0  0  0  0  0  0  0  0
    4.4965    0.7317    0.2243 H   0  0  0  0  0  0  0  0  0  0  0  0
    2.3128    1.6426    0.6522 H   0  0  0  0  0  0  0  0  0  0  0  0
   -2.4628    1.4784    0.4622 H   0  0  0  0  0  0  0  0  0  0  0  0
   -4.5445    0.4085   -0.0891 H   0  0  0  0  0  0  0  0  0  0  0  0
   -4.6114   -1.9679   -0.8254 H   0  0  0  0  0  0  0  0  0  0  0  0
   -2.5016   -3.2314   -1.0272 H   0  0  0  0  0  0  0  0  0  0  0  0
  1 19  1  0
  1  2  1  0
  2 21  1  0
  2 20  1  0
  3  2  1  0
  4  9  1  0
  4  3  1  0
  5  4  2  0
  6  7  2  0
  6  5  1  0
  7  8  1  0
  8 24  1  0
  8  9  2  0
  9 25  1  0
 10 11  1  0
 10  5  1  0
 11 12  2  0
 12 13  1  0
 12  3  1  0
 13 26  1  0
 14 27  1  0
 14 13  2  0
 15 14  1  0
 16 15  2  0
 16 11  1  0
 17  1  1  0
 18  1  1  0
 22  6  1  0
 23  7  1  0
 28 15  1  0
 29 16  1  0
M  END
",N,0.312712,60.93303107689994,0.2564539528231405
PT_1,[H]c1c([H])c([H])c2c(c1[H])Sc1c([H])c([H])c([H])c([H])c1N2[H],"PT_1.log
     RDKit          3D

 23 25  0  0  0  0  0  0  0  0999 V2000
    0.1171   -1.0708    0.0148 N   0  0  0  0  0  0  0  0  0  0  0  0
    1.2673   -0.3480    0.1343 C   0  0  0  0  0  0  0  0  0  0  0  0
    1.2485    1.0369    0.3863 C   0  0  0  0  0  0  0  0  0  0  0  0
    2.4545    1.7401    0.4977 C   0  0  0  0  0  0  0  0  0  0  0  0
    3.6499    1.0771    0.3626 C   0  0  0  0  0  0  0  0  0  0  0  0
    3.6698   -0.3051    0.1130 C   0  0  0  0  0  0  0  0  0  0  0  0
    2.5002   -1.0090   -0.0001 C   0  0  0  0  0  0  0  0  0  0  0  0
   -0.2125    1.9323    0.5707 S   0  0  0  0  0  0  0  0  0  0  0  0
   -1.4449    0.7463    0.3581 C   0  0  0  0  0  0  0  0  0  0  0  0
   -1.1628   -0.6095    0.1064 C   0  0  0  0  0  0  0  0  0  0  0  0
   -2.2225   -1.5178   -0.0558 C   0  0  0  0  0  0  0  0  0  0  0  0
   -3.5177   -1.0803    0.0309 C   0  0  0  0  0  0  0  0  0  0  0  0
   -3.7983    0.2731    0.2820 C   0  0  0  0  0  0  0  0  0  0  0  0
   -2.7752    1.1753    0.4440 C   0  0  0  0  0  0  0  0  0  0  0  0
    0.2267   -2.0651   -0.1691 H   0  0  0  0  0  0  0  0  0  0  0  0
    2.4328    2.8057    0.6891 H   0  0  0  0  0  0  0  0  0  0  0  0
    4.5788    1.6239    0.4488 H   0  0  0  0  0  0  0  0  0  0  0  0
    4.6156   -0.8190    0.0080 H   0  0  0  0  0  0  0  0  0  0  0  0
    2.4987   -2.0740   -0.1946 H   0  0  0  0  0  0  0  0  0  0  0  0
   -1.9864   -2.5569   -0.2482 H   0  0  0  0  0  0  0  0  0  0  0  0
   -4.3298   -1.7834   -0.0948 H   0  0  0  0  0  0  0  0  0  0  0  0
   -4.8240    0.6087    0.3487 H   0  0  0  0  0  0  0  0  0  0  0  0
   -2.9859    2.2195    0.6380 H   0  0  0  0  0  0  0  0  0  0  0  0
  1 10  1  0
  1  2  1  0
  2  3  2  0
  3  4  1  0
  3  8  1  0
  4 16  1  0
  5 17  1  0
  5  4  2  0
  6  5  1  0
  7  6  2  0
  7  2  1  0
  9 14  2  0
  9  8  1  0
 10  9  1  0
 11 12  1  0
 11 10  2  0
 12 13  2  0
 13 22  1  0
 13 14  1  0
 14 23  1  0
 15  1  1  0
 18  6  1  0
 19  7  1  0
 20 11  1  0
 21 12  1  0
M  END
",N,0.29995,47.82959844821128,0.23875457589721014
BzNSN_1,[H]c1c([H])c([H])c2nsnc2c1[H],"BzNSN_1.log
     RDKit          3D

 13 14  0  0  0  0  0  0  0  0999 V2000
    0.8372    0.7828    0.0980 C   0  0  0  0  0  0  0  0  0  0  0  0
    2.0245    1.4248    0.1684 N   0  0  0  0  0  0  0  0  0  0  0  0
    3.1846    0.2607   -0.0285 S   0  0  0  0  0  0  0  0  0  0  0  0
    2.2258   -1.0774   -0.2040 N   0  0  0  0  0  0  0  0  0  0  0  0
    0.9514   -0.6364   -0.1130 C   0  0  0  0  0  0  0  0  0  0  0  0
   -0.2114   -1.4193   -0.2038 C   0  0  0  0  0  0  0  0  0  0  0  0
   -1.4579   -0.8131   -0.0891 C   0  0  0  0  0  0  0  0  0  0  0  0
   -1.5688    0.5653    0.1153 C   0  0  0  0  0  0  0  0  0  0  0  0
   -0.4358    1.3664    0.2094 C   0  0  0  0  0  0  0  0  0  0  0  0
   -0.1250   -2.4876   -0.3629 H   0  0  0  0  0  0  0  0  0  0  0  0
   -2.3536   -1.4179   -0.1597 H   0  0  0  0  0  0  0  0  0  0  0  0
   -2.5495    1.0168    0.2014 H   0  0  0  0  0  0  0  0  0  0  0  0
   -0.5215    2.4347    0.3683 H   0  0  0  0  0  0  0  0  0  0  0  0
  1  2  2  0
  1  9  1  0
  3  2  1  0
  4  5  2  0
  4  3  1  0
  5  1  1  0
  6  5  1  0
  6  7  2  0
  7  8  1  0
  8 12  1  0
  8  9  2  0
  9 13  1  0
 10  6  1  0
 11  7  1  0
M  END
",S,0.294032,31.677493472584853,0.23635100896428435
