cid,smiles,type,run,status,enthalpy,mol,run_at,queued_at,logfile,error,node,freeenergy,scfenergy,stereo_assigned,stereo_unassigned,id
469349,C=C(C)C(C)(C)C(=C([O])CC)C(C)(C)C,reduced,4,finished,-623.383472,"10439
     RDKit          3D

 40 39  0  0  0  0  0  0  0  0999 V2000
    3.2317    0.8026    0.9932 C   0  0  0  0  0  0  0  0  0  0  0  0
    2.2230   -0.0145    0.6953 C   0  0  0  0  0  0  0  0  0  0  0  0
    1.8685   -1.1492    1.6169 C   0  0  0  0  0  0  0  0  0  0  0  0
    1.4065    0.0629   -0.5986 C   0  0  0  0  0  0  0  0  0  0  0  0
    1.6320    1.3830   -1.3705 C   0  0  0  0  0  0  0  0  0  0  0  0
    2.0870   -0.9735   -1.5330 C   0  0  0  0  0  0  0  0  0  0  0  0
   -0.1183   -0.1618   -0.3765 C   0  0  0  0  0  0  0  0  0  0  0  0
   -0.7287   -1.3298   -0.7806 C   0  0  0  0  0  0  0  0  0  0  0  0
   -0.1278   -2.4607   -1.0642 O   0  0  0  0  0  1  0  0  0  0  0  0
   -2.2320   -1.4464   -1.0507 C   0  0  0  0  0  0  0  0  0  0  0  0
   -2.9411   -2.4757   -0.1736 C   0  0  0  0  0  0  0  0  0  0  0  0
   -0.9257    0.9737    0.3330 C   0  0  0  0  0  0  0  0  0  0  0  0
   -0.0696    1.7948    1.3247 C   0  0  0  0  0  0  0  0  0  0  0  0
   -2.0434    0.4359    1.2579 C   0  0  0  0  0  0  0  0  0  0  0  0
   -1.5655    1.9697   -0.6524 C   0  0  0  0  0  0  0  0  0  0  0  0
    3.8145    0.6577    1.8966 H   0  0  0  0  0  0  0  0  0  0  0  0
    3.5033    1.6459    0.3706 H   0  0  0  0  0  0  0  0  0  0  0  0
    2.6169   -1.2714    2.4000 H   0  0  0  0  0  0  0  0  0  0  0  0
    1.7755   -2.0893    1.0684 H   0  0  0  0  0  0  0  0  0  0  0  0
    0.8991   -0.9702    2.0886 H   0  0  0  0  0  0  0  0  0  0  0  0
    1.3036    2.2800   -0.8560 H   0  0  0  0  0  0  0  0  0  0  0  0
    2.6893    1.5112   -1.6093 H   0  0  0  0  0  0  0  0  0  0  0  0
    1.0897    1.3272   -2.3168 H   0  0  0  0  0  0  0  0  0  0  0  0
    3.0783   -0.5891   -1.7850 H   0  0  0  0  0  0  0  0  0  0  0  0
    1.5213   -1.0911   -2.4577 H   0  0  0  0  0  0  0  0  0  0  0  0
    2.2090   -1.9537   -1.0853 H   0  0  0  0  0  0  0  0  0  0  0  0
   -2.7546   -0.4962   -1.0308 H   0  0  0  0  0  0  0  0  0  0  0  0
   -2.2847   -1.7956   -2.0878 H   0  0  0  0  0  0  0  0  0  0  0  0
   -3.9883   -2.5865   -0.4622 H   0  0  0  0  0  0  0  0  0  0  0  0
   -2.9122   -2.1934    0.8803 H   0  0  0  0  0  0  0  0  0  0  0  0
   -2.4646   -3.4519   -0.2711 H   0  0  0  0  0  0  0  0  0  0  0  0
    0.7947    2.2836    0.8916 H   0  0  0  0  0  0  0  0  0  0  0  0
   -0.7032    2.5750    1.7534 H   0  0  0  0  0  0  0  0  0  0  0  0
    0.2802    1.1713    2.1497 H   0  0  0  0  0  0  0  0  0  0  0  0
   -2.3858    1.2438    1.9099 H   0  0  0  0  0  0  0  0  0  0  0  0
   -2.9211    0.0663    0.7381 H   0  0  0  0  0  0  0  0  0  0  0  0
   -1.6614   -0.3659    1.8942 H   0  0  0  0  0  0  0  0  0  0  0  0
   -2.2146    1.4621   -1.3675 H   0  0  0  0  0  0  0  0  0  0  0  0
   -0.8103    2.5144   -1.2195 H   0  0  0  0  0  0  0  0  0  0  0  0
   -2.1713    2.7052   -0.1132 H   0  0  0  0  0  0  0  0  0  0  0  0
  1  2  2  3
  2  3  1  0
  2  4  1  0
  4  5  1  0
  4  6  1  0
  4  7  1  0
  7  8  2  3
  8  9  1  0
  8 10  1  0
 10 11  1  0
  7 12  1  0
 12 13  1  0
 12 14  1  0
 12 15  1  0
  1 16  1  0
  1 17  1  0
  3 18  1  0
  3 19  1  0
  3 20  1  0
  5 21  1  0
  5 22  1  0
  5 23  1  0
  6 24  1  0
  6 25  1  0
  6 26  1  0
 10 27  1  0
 10 28  1  0
 11 29  1  0
 11 30  1  0
 11 31  1  0
 13 32  1  0
 13 33  1  0
 13 34  1  0
 14 35  1  0
 14 36  1  0
 14 37  1  0
 15 38  1  0
 15 39  1  0
 15 40  1  0
M  RAD  1   9   2
M  END
",2021-01-14 04:16:08.351055,2021-01-14 01:22:57.588102,/projects/rlmolecule/svss/Project-Redox/gaussain_redox_rl/log/10439_49a1b8.log.gz,,r4i4n20,-623.444329,-623.7632326479887,,,10439
775835,CN(C)C(C)(C)C(=C([O])CN)C(C)(C)C,reduced,4,finished,-656.68308,"20840
     RDKit          3D

 40 39  0  0  0  0  0  0  0  0999 V2000
    1.8862   -0.0675   -1.6641 C   0  0  0  0  0  0  0  0  0  0  0  0
    1.9050   -0.8027   -0.4117 N   0  0  0  0  0  0  0  0  0  0  0  0
    3.2935   -1.0915   -0.0797 C   0  0  0  0  0  0  0  0  0  0  0  0
    1.1346   -0.1117    0.6784 C   0  0  0  0  0  0  0  0  0  0  0  0
    1.9887    1.0297    1.2793 C   0  0  0  0  0  0  0  0  0  0  0  0
    0.9670   -1.0792    1.8717 C   0  0  0  0  0  0  0  0  0  0  0  0
   -0.2682    0.3514    0.2043 C   0  0  0  0  0  0  0  0  0  0  0  0
   -0.5179    1.6919    0.0080 C   0  0  0  0  0  0  0  0  0  0  0  0
    0.3716    2.6325   -0.1920 O   0  0  0  0  0  1  0  0  0  0  0  0
   -1.9168    2.3007    0.1008 C   0  0  0  0  0  0  0  0  0  0  0  0
   -2.3919    3.0015   -1.1012 N   0  0  0  0  0  0  0  0  0  0  0  0
   -1.3730   -0.7135   -0.0971 C   0  0  0  0  0  0  0  0  0  0  0  0
   -2.3245   -0.2819   -1.2419 C   0  0  0  0  0  0  0  0  0  0  0  0
   -0.7978   -2.0353   -0.6553 C   0  0  0  0  0  0  0  0  0  0  0  0
   -2.2473   -1.0633    1.1218 C   0  0  0  0  0  0  0  0  0  0  0  0
    0.8633    0.1169   -1.9884 H   0  0  0  0  0  0  0  0  0  0  0  0
    2.3907   -0.6575   -2.4329 H   0  0  0  0  0  0  0  0  0  0  0  0
    2.4061    0.9019   -1.6027 H   0  0  0  0  0  0  0  0  0  0  0  0
    3.3765   -1.6199    0.8682 H   0  0  0  0  0  0  0  0  0  0  0  0
    3.9236   -0.1912   -0.0276 H   0  0  0  0  0  0  0  0  0  0  0  0
    3.7159   -1.7367   -0.8533 H   0  0  0  0  0  0  0  0  0  0  0  0
    2.7780    0.5936    1.8958 H   0  0  0  0  0  0  0  0  0  0  0  0
    1.3813    1.6680    1.9193 H   0  0  0  0  0  0  0  0  0  0  0  0
    2.4582    1.6573    0.5278 H   0  0  0  0  0  0  0  0  0  0  0  0
    0.4529   -0.5515    2.6774 H   0  0  0  0  0  0  0  0  0  0  0  0
    0.4009   -1.9758    1.6487 H   0  0  0  0  0  0  0  0  0  0  0  0
    1.9376   -1.3887    2.2604 H   0  0  0  0  0  0  0  0  0  0  0  0
   -2.6787    1.6079    0.4362 H   0  0  0  0  0  0  0  0  0  0  0  0
   -1.8252    3.0511    0.8919 H   0  0  0  0  0  0  0  0  0  0  0  0
   -1.6434    3.6214   -1.3983 H   0  0  0  0  0  0  0  0  0  0  0  0
   -2.4848    2.3199   -1.8489 H   0  0  0  0  0  0  0  0  0  0  0  0
   -1.7602    0.1463   -2.0739 H   0  0  0  0  0  0  0  0  0  0  0  0
   -3.0927    0.4264   -0.9451 H   0  0  0  0  0  0  0  0  0  0  0  0
   -2.8529   -1.1616   -1.6175 H   0  0  0  0  0  0  0  0  0  0  0  0
   -0.3063   -1.8673   -1.6151 H   0  0  0  0  0  0  0  0  0  0  0  0
   -1.6316   -2.7219   -0.8241 H   0  0  0  0  0  0  0  0  0  0  0  0
   -0.0883   -2.5339   -0.0077 H   0  0  0  0  0  0  0  0  0  0  0  0
   -2.7142   -0.1713    1.5435 H   0  0  0  0  0  0  0  0  0  0  0  0
   -3.0461   -1.7536    0.8317 H   0  0  0  0  0  0  0  0  0  0  0  0
   -1.6695   -1.5404    1.9131 H   0  0  0  0  0  0  0  0  0  0  0  0
  1  2  1  0
  2  3  1  0
  2  4  1  0
  4  5  1  0
  4  6  1  0
  4  7  1  0
  7  8  2  3
  8  9  1  0
  8 10  1  0
 10 11  1  0
  7 12  1  0
 12 13  1  0
 12 14  1  0
 12 15  1  0
  1 16  1  0
  1 17  1  0
  1 18  1  0
  3 19  1  0
  3 20  1  0
  3 21  1  0
  5 22  1  0
  5 23  1  0
  5 24  1  0
  6 25  1  0
  6 26  1  0
  6 27  1  0
 10 28  1  0
 10 29  1  0
 11 30  1  0
 11 31  1  0
 13 32  1  0
 13 33  1  0
 13 34  1  0
 14 35  1  0
 14 36  1  0
 14 37  1  0
 15 38  1  0
 15 39  1  0
 15 40  1  0
M  RAD  1   9   2
M  END
",2021-01-14 12:13:31.190026,2021-01-14 09:08:45.889970,/projects/rlmolecule/svss/Project-Redox/gaussain_redox_rl/log/20840_0edada.log.gz,,r1i1n0,-656.744445,-657.0645749901518,,,20840
461674,C=C(C)C([O])=C(C(C)(C)C)C(C)(C)CC,reduced,4,finished,-623.384904,"10574
     RDKit          3D

 40 39  0  0  0  0  0  0  0  0999 V2000
   -0.9740    2.4613    1.9556 C   0  0  0  0  0  0  0  0  0  0  0  0
   -1.1773    2.2002    0.6661 C   0  0  0  0  0  0  0  0  0  0  0  0
   -2.3107    2.8288   -0.0940 C   0  0  0  0  0  0  0  0  0  0  0  0
   -0.1299    1.4507   -0.1342 C   0  0  0  0  0  0  0  0  0  0  0  0
    0.4571    2.2951   -0.9496 O   0  0  0  0  0  1  0  0  0  0  0  0
    0.1931    0.1277    0.0605 C   0  0  0  0  0  0  0  0  0  0  0  0
   -0.8325   -0.8726    0.6778 C   0  0  0  0  0  0  0  0  0  0  0  0
   -0.8246   -2.2279   -0.0652 C   0  0  0  0  0  0  0  0  0  0  0  0
   -0.6277   -1.1386    2.1811 C   0  0  0  0  0  0  0  0  0  0  0  0
   -2.3003   -0.4235    0.5164 C   0  0  0  0  0  0  0  0  0  0  0  0
    1.5814   -0.3940   -0.4165 C   0  0  0  0  0  0  0  0  0  0  0  0
    2.6429    0.7241   -0.5347 C   0  0  0  0  0  0  0  0  0  0  0  0
    2.2133   -1.3389    0.6295 C   0  0  0  0  0  0  0  0  0  0  0  0
    1.5729   -1.1384   -1.7787 C   0  0  0  0  0  0  0  0  0  0  0  0
    0.8165   -0.4336   -2.8960 C   0  0  0  0  0  0  0  0  0  0  0  0
   -1.6419    3.1105    2.5135 H   0  0  0  0  0  0  0  0  0  0  0  0
   -0.1292    2.0408    2.4893 H   0  0  0  0  0  0  0  0  0  0  0  0
   -2.9274    2.0701   -0.5804 H   0  0  0  0  0  0  0  0  0  0  0  0
   -2.9456    3.4266    0.5607 H   0  0  0  0  0  0  0  0  0  0  0  0
   -1.9192    3.4752   -0.8816 H   0  0  0  0  0  0  0  0  0  0  0  0
   -1.6064   -2.8629    0.3583 H   0  0  0  0  0  0  0  0  0  0  0  0
    0.1056   -2.7810    0.0058 H   0  0  0  0  0  0  0  0  0  0  0  0
   -1.0528   -2.0852   -1.1244 H   0  0  0  0  0  0  0  0  0  0  0  0
    0.3594   -1.5369    2.4081 H   0  0  0  0  0  0  0  0  0  0  0  0
   -1.3687   -1.8598    2.5410 H   0  0  0  0  0  0  0  0  0  0  0  0
   -0.7574   -0.2158    2.7500 H   0  0  0  0  0  0  0  0  0  0  0  0
   -2.9539   -1.2576    0.7837 H   0  0  0  0  0  0  0  0  0  0  0  0
   -2.5136   -0.1515   -0.5196 H   0  0  0  0  0  0  0  0  0  0  0  0
   -2.5722    0.4101    1.1571 H   0  0  0  0  0  0  0  0  0  0  0  0
    2.5469    1.3168   -1.4384 H   0  0  0  0  0  0  0  0  0  0  0  0
    2.5980    1.4042    0.3181 H   0  0  0  0  0  0  0  0  0  0  0  0
    3.6321    0.2583   -0.5427 H   0  0  0  0  0  0  0  0  0  0  0  0
    1.6182   -2.2122    0.8731 H   0  0  0  0  0  0  0  0  0  0  0  0
    2.4090   -0.7982    1.5595 H   0  0  0  0  0  0  0  0  0  0  0  0
    3.1730   -1.6976    0.2479 H   0  0  0  0  0  0  0  0  0  0  0  0
    2.6184   -1.2690   -2.0816 H   0  0  0  0  0  0  0  0  0  0  0  0
    1.1712   -2.1445   -1.6590 H   0  0  0  0  0  0  0  0  0  0  0  0
   -0.2351   -0.3008   -2.6310 H   0  0  0  0  0  0  0  0  0  0  0  0
    0.8599   -1.0137   -3.8201 H   0  0  0  0  0  0  0  0  0  0  0  0
    1.2315    0.5538   -3.1053 H   0  0  0  0  0  0  0  0  0  0  0  0
  1  2  2  3
  2  3  1  0
  2  4  1  0
  4  5  1  0
  4  6  2  3
  6  7  1  0
  7  8  1  0
  7  9  1  0
  7 10  1  0
  6 11  1  0
 11 12  1  0
 11 13  1  0
 11 14  1  0
 14 15  1  0
  1 16  1  0
  1 17  1  0
  3 18  1  0
  3 19  1  0
  3 20  1  0
  8 21  1  0
  8 22  1  0
  8 23  1  0
  9 24  1  0
  9 25  1  0
  9 26  1  0
 10 27  1  0
 10 28  1  0
 10 29  1  0
 12 30  1  0
 12 31  1  0
 12 32  1  0
 13 33  1  0
 13 34  1  0
 13 35  1  0
 14 36  1  0
 14 37  1  0
 15 38  1  0
 15 39  1  0
 15 40  1  0
M  RAD  1   5   2
M  END
",2021-01-14 12:48:49.713091,2021-01-14 10:17:44.883952,/projects/rlmolecule/svss/Project-Redox/gaussain_redox_rl/log/10574_336231.log.gz,,r4i4n20,-623.445681,-623.7642143624494,,,10574
862682,CCNC(C)(C)C(=C([O])CC)C(C)(C)N,reduced,4,finished,-656.701438,"20759
     RDKit          3D

 40 39  0  0  0  0  0  0  0  0999 V2000
    3.5241   -0.0465    1.6473 C   0  0  0  0  0  0  0  0  0  0  0  0
    2.2484    0.2852    0.8955 C   0  0  0  0  0  0  0  0  0  0  0  0
    1.9836   -0.7154   -0.1320 N   0  0  0  0  0  0  0  0  0  0  0  0
    0.9196   -0.3319   -1.1070 C   0  0  0  0  0  0  0  0  0  0  0  0
    1.5422    0.6730   -2.0997 C   0  0  0  0  0  0  0  0  0  0  0  0
    0.6515   -1.5652   -1.9942 C   0  0  0  0  0  0  0  0  0  0  0  0
   -0.3800    0.1366   -0.4133 C   0  0  0  0  0  0  0  0  0  0  0  0
   -0.8252    1.4396   -0.5329 C   0  0  0  0  0  0  0  0  0  0  0  0
   -0.1199    2.4561   -0.9571 O   0  0  0  0  0  1  0  0  0  0  0  0
   -2.2658    1.8723   -0.2434 C   0  0  0  0  0  0  0  0  0  0  0  0
   -2.3670    2.9095    0.8719 C   0  0  0  0  0  0  0  0  0  0  0  0
   -1.1951   -0.9051    0.4066 C   0  0  0  0  0  0  0  0  0  0  0  0
   -0.3552   -2.0385    1.0330 C   0  0  0  0  0  0  0  0  0  0  0  0
   -2.3174   -1.5666   -0.4094 C   0  0  0  0  0  0  0  0  0  0  0  0
   -1.8513   -0.2370    1.5690 N   0  0  0  0  0  0  0  0  0  0  0  0
    3.7205    0.6949    2.4228 H   0  0  0  0  0  0  0  0  0  0  0  0
    3.4519   -1.0272    2.1220 H   0  0  0  0  0  0  0  0  0  0  0  0
    4.3813   -0.0607    0.9697 H   0  0  0  0  0  0  0  0  0  0  0  0
    2.3240    1.3020    0.4850 H   0  0  0  0  0  0  0  0  0  0  0  0
    1.4058    0.2990    1.5911 H   0  0  0  0  0  0  0  0  0  0  0  0
    2.8384   -0.8265   -0.6739 H   0  0  0  0  0  0  0  0  0  0  0  0
    2.0114    1.5200   -1.6098 H   0  0  0  0  0  0  0  0  0  0  0  0
    2.3110    0.1364   -2.6645 H   0  0  0  0  0  0  0  0  0  0  0  0
    0.8097    1.0583   -2.8079 H   0  0  0  0  0  0  0  0  0  0  0  0
    1.5998   -1.9300   -2.3988 H   0  0  0  0  0  0  0  0  0  0  0  0
    0.0184   -1.2784   -2.8369 H   0  0  0  0  0  0  0  0  0  0  0  0
    0.1726   -2.3925   -1.4844 H   0  0  0  0  0  0  0  0  0  0  0  0
   -2.6022    2.3381   -1.1769 H   0  0  0  0  0  0  0  0  0  0  0  0
   -2.9280    1.0433   -0.0316 H   0  0  0  0  0  0  0  0  0  0  0  0
   -2.0482    2.4874    1.8270 H   0  0  0  0  0  0  0  0  0  0  0  0
   -3.3931    3.2644    0.9894 H   0  0  0  0  0  0  0  0  0  0  0  0
   -1.7382    3.7748    0.6581 H   0  0  0  0  0  0  0  0  0  0  0  0
    0.1620   -2.6820    0.3304 H   0  0  0  0  0  0  0  0  0  0  0  0
    0.3836   -1.6325    1.7235 H   0  0  0  0  0  0  0  0  0  0  0  0
   -1.0425   -2.6670    1.6077 H   0  0  0  0  0  0  0  0  0  0  0  0
   -2.9260   -2.2077    0.2363 H   0  0  0  0  0  0  0  0  0  0  0  0
   -1.9114   -2.1879   -1.2079 H   0  0  0  0  0  0  0  0  0  0  0  0
   -2.9702   -0.8205   -0.8617 H   0  0  0  0  0  0  0  0  0  0  0  0
   -2.0542   -0.9541    2.2599 H   0  0  0  0  0  0  0  0  0  0  0  0
   -1.1689    0.3823    1.9973 H   0  0  0  0  0  0  0  0  0  0  0  0
  1  2  1  0
  2  3  1  0
  3  4  1  0
  4  5  1  0
  4  6  1  0
  4  7  1  0
  7  8  2  3
  8  9  1  0
  8 10  1  0
 10 11  1  0
  7 12  1  0
 12 13  1  0
 12 14  1  0
 12 15  1  0
  1 16  1  0
  1 17  1  0
  1 18  1  0
  2 19  1  0
  2 20  1  0
  3 21  1  0
  5 22  1  0
  5 23  1  0
  5 24  1  0
  6 25  1  0
  6 26  1  0
  6 27  1  0
 10 28  1  0
 10 29  1  0
 11 30  1  0
 11 31  1  0
 11 32  1  0
 13 33  1  0
 13 34  1  0
 13 35  1  0
 14 36  1  0
 14 37  1  0
 14 38  1  0
 15 39  1  0
 15 40  1  0
M  RAD  1   9   2
M  END
",2021-01-14 16:49:23.028560,2021-01-14 14:16:37.532217,/projects/rlmolecule/svss/Project-Redox/gaussain_redox_rl/log/20759_606947.log.gz,,r4i0n32,-656.764221,-657.0829515480555,,,20759
393997,C=C(CC)C([O])=C(C(C)(C)C)C(C)(C)N,reduced,4,finished,-639.450172,"11216
     RDKit          3D

 39 38  0  0  0  0  0  0  0  0999 V2000
    2.4358    1.0426    0.8870 C   0  0  0  0  0  0  0  0  0  0  0  0
    2.0128    0.2176   -0.0673 C   0  0  0  0  0  0  0  0  0  0  0  0
    2.9372   -0.8042   -0.6976 C   0  0  0  0  0  0  0  0  0  0  0  0
    4.1271   -0.1793   -1.4239 C   0  0  0  0  0  0  0  0  0  0  0  0
    0.6626    0.4234   -0.7051 C   0  0  0  0  0  0  0  0  0  0  0  0
    0.8334    0.9134   -1.9134 O   0  0  0  0  0  1  0  0  0  0  0  0
   -0.5378    0.1966   -0.0779 C   0  0  0  0  0  0  0  0  0  0  0  0
   -0.6901   -0.7809    1.1198 C   0  0  0  0  0  0  0  0  0  0  0  0
   -0.9439   -0.0743    2.4639 C   0  0  0  0  0  0  0  0  0  0  0  0
    0.5256   -1.7009    1.3534 C   0  0  0  0  0  0  0  0  0  0  0  0
   -1.8367   -1.7811    0.8556 C   0  0  0  0  0  0  0  0  0  0  0  0
   -1.8020    0.8368   -0.7144 C   0  0  0  0  0  0  0  0  0  0  0  0
   -1.5396    2.2614   -1.2430 C   0  0  0  0  0  0  0  0  0  0  0  0
   -2.3603    0.0015   -1.8722 C   0  0  0  0  0  0  0  0  0  0  0  0
   -2.8947    0.9679    0.2863 N   0  0  0  0  0  0  0  0  0  0  0  0
    3.4505    0.9951    1.2722 H   0  0  0  0  0  0  0  0  0  0  0  0
    1.7790    1.7910    1.3168 H   0  0  0  0  0  0  0  0  0  0  0  0
    3.3053   -1.4745    0.0840 H   0  0  0  0  0  0  0  0  0  0  0  0
    2.3677   -1.4186   -1.3975 H   0  0  0  0  0  0  0  0  0  0  0  0
    3.7867    0.4784   -2.2253 H   0  0  0  0  0  0  0  0  0  0  0  0
    4.7655   -0.9488   -1.8618 H   0  0  0  0  0  0  0  0  0  0  0  0
    4.7337    0.4125   -0.7369 H   0  0  0  0  0  0  0  0  0  0  0  0
   -1.8867    0.4680    2.4808 H   0  0  0  0  0  0  0  0  0  0  0  0
   -0.1363    0.6301    2.6794 H   0  0  0  0  0  0  0  0  0  0  0  0
   -0.9716   -0.8083    3.2757 H   0  0  0  0  0  0  0  0  0  0  0  0
    0.8636   -2.1638    0.4238 H   0  0  0  0  0  0  0  0  0  0  0  0
    0.2208   -2.5020    2.0315 H   0  0  0  0  0  0  0  0  0  0  0  0
    1.3690   -1.1927    1.8123 H   0  0  0  0  0  0  0  0  0  0  0  0
   -2.7843   -1.2874    0.6729 H   0  0  0  0  0  0  0  0  0  0  0  0
   -1.9478   -2.4354    1.7249 H   0  0  0  0  0  0  0  0  0  0  0  0
   -1.5963   -2.4132   -0.0038 H   0  0  0  0  0  0  0  0  0  0  0  0
   -2.5023    2.7249   -1.4763 H   0  0  0  0  0  0  0  0  0  0  0  0
   -0.9225    2.2843   -2.1340 H   0  0  0  0  0  0  0  0  0  0  0  0
   -1.0534    2.8652   -0.4714 H   0  0  0  0  0  0  0  0  0  0  0  0
   -1.6051   -0.1138   -2.6510 H   0  0  0  0  0  0  0  0  0  0  0  0
   -3.2305    0.4978   -2.3150 H   0  0  0  0  0  0  0  0  0  0  0  0
   -2.6675   -0.9887   -1.5387 H   0  0  0  0  0  0  0  0  0  0  0  0
   -2.5965    1.6451    0.9839 H   0  0  0  0  0  0  0  0  0  0  0  0
   -3.6701    1.4142   -0.1978 H   0  0  0  0  0  0  0  0  0  0  0  0
  1  2  2  3
  2  3  1  0
  3  4  1  0
  2  5  1  0
  5  6  1  0
  5  7  2  3
  7  8  1  0
  8  9  1  0
  8 10  1  0
  8 11  1  0
  7 12  1  0
 12 13  1  0
 12 14  1  0
 12 15  1  0
  1 16  1  0
  1 17  1  0
  3 18  1  0
  3 19  1  0
  4 20  1  0
  4 21  1  0
  4 22  1  0
  9 23  1  0
  9 24  1  0
  9 25  1  0
 10 26  1  0
 10 27  1  0
 10 28  1  0
 11 29  1  0
 11 30  1  0
 11 31  1  0
 13 32  1  0
 13 33  1  0
 13 34  1  0
 14 35  1  0
 14 36  1  0
 14 37  1  0
 15 38  1  0
 15 39  1  0
M  RAD  1   6   2
M  END
",2021-01-16 03:33:03.024858,2021-01-16 01:09:28.503772,/projects/rlmolecule/svss/Project-Redox/gaussain_redox_rl/log/11216_5295b0.log.gz,,r6i5n18,-639.512721,-639.8180356694415,,,11216
199630,C=C1C([O])=C(C(C)(C)C)C(C(C)=O)=C1O,reduced,4,finished,-691.783072,"11993
     RDKit          3D

 30 30  0  0  0  0  0  0  0  0999 V2000
    2.1411    2.9746   -0.8106 C   0  0  0  0  0  0  0  0  0  0  0  0
    1.4486    1.8987   -0.4542 C   0  0  0  0  0  0  0  0  0  0  0  0
   -0.0519    1.7623   -0.4657 C   0  0  0  0  0  0  0  0  0  0  0  0
   -0.7795    2.7625   -0.8516 O   0  0  0  0  0  1  0  0  0  0  0  0
   -0.3547    0.4799   -0.0648 C   0  0  0  0  0  0  0  0  0  0  0  0
   -1.7188   -0.1991   -0.1236 C   0  0  0  0  0  0  0  0  0  0  0  0
   -2.6898    0.5573   -1.0430 C   0  0  0  0  0  0  0  0  0  0  0  0
   -2.3879   -0.2799    1.2580 C   0  0  0  0  0  0  0  0  0  0  0  0
   -1.5895   -1.6089   -0.7229 C   0  0  0  0  0  0  0  0  0  0  0  0
    0.9435   -0.2220    0.2740 C   0  0  0  0  0  0  0  0  0  0  0  0
    1.1603   -1.4585    1.0229 C   0  0  0  0  0  0  0  0  0  0  0  0
    2.4735   -2.1857    0.8843 C   0  0  0  0  0  0  0  0  0  0  0  0
    0.3168   -1.9139    1.7938 O   0  0  0  0  0  0  0  0  0  0  0  0
    1.9817    0.6145    0.0052 C   0  0  0  0  0  0  0  0  0  0  0  0
    3.2971    0.3915    0.2235 O   0  0  0  0  0  0  0  0  0  0  0  0
    1.6208    3.8723   -1.1249 H   0  0  0  0  0  0  0  0  0  0  0  0
    3.2255    3.0093   -0.8125 H   0  0  0  0  0  0  0  0  0  0  0  0
   -2.9795    1.5221   -0.6315 H   0  0  0  0  0  0  0  0  0  0  0  0
   -2.2570    0.7245   -2.0311 H   0  0  0  0  0  0  0  0  0  0  0  0
   -3.5957   -0.0424   -1.1643 H   0  0  0  0  0  0  0  0  0  0  0  0
   -3.3674   -0.7613    1.1780 H   0  0  0  0  0  0  0  0  0  0  0  0
   -1.7836   -0.8446    1.9651 H   0  0  0  0  0  0  0  0  0  0  0  0
   -2.5393    0.7251    1.6594 H   0  0  0  0  0  0  0  0  0  0  0  0
   -1.1638   -1.5556   -1.7285 H   0  0  0  0  0  0  0  0  0  0  0  0
   -0.9669   -2.2676   -0.1225 H   0  0  0  0  0  0  0  0  0  0  0  0
   -2.5785   -2.0675   -0.8019 H   0  0  0  0  0  0  0  0  0  0  0  0
    2.9037   -2.0857   -0.1094 H   0  0  0  0  0  0  0  0  0  0  0  0
    3.1855   -1.7734    1.6028 H   0  0  0  0  0  0  0  0  0  0  0  0
    2.3109   -3.2349    1.1249 H   0  0  0  0  0  0  0  0  0  0  0  0
    3.7950    1.2062    0.0714 H   0  0  0  0  0  0  0  0  0  0  0  0
  1  2  2  3
  2  3  1  0
  3  4  1  0
  3  5  2  0
  5  6  1  0
  6  7  1  0
  6  8  1  0
  6  9  1  0
  5 10  1  0
 10 11  1  0
 11 12  1  0
 11 13  2  0
 10 14  2  0
 14 15  1  0
 14  2  1  0
  1 16  1  0
  1 17  1  0
  7 18  1  0
  7 19  1  0
  7 20  1  0
  8 21  1  0
  8 22  1  0
  8 23  1  0
  9 24  1  0
  9 25  1  0
  9 26  1  0
 12 27  1  0
 12 28  1  0
 12 29  1  0
 15 30  1  0
M  RAD  1   4   2
M  END
",2021-01-18 00:37:58.724115,2021-01-17 22:59:05.318963,/projects/rlmolecule/svss/Project-Redox/gaussain_redox_rl/log/11993_caaab1.log.gz,,r6i6n34,-691.84192,-692.0442004632617,,,11993
559104,C=C1CC(C)(C)C(=O)[CH]C(C)=C1C(C)C,reduced,4,finished,-621.011679,"12071
     RDKit          3D

 36 36  0  0  0  0  0  0  0  0999 V2000
   -0.4422   -2.1036   -0.6872 C   0  0  0  0  0  0  0  0  0  0  0  0
   -0.1591   -0.9226   -0.1363 C   0  0  0  0  0  0  0  0  0  0  0  0
    1.0633   -0.8045    0.7652 C   0  0  0  0  0  0  0  0  0  0  0  0
    2.3235   -0.1156    0.1257 C   0  0  0  0  0  0  0  0  0  0  0  0
    2.9104   -1.0035   -0.9685 C   0  0  0  0  0  0  0  0  0  0  0  0
    3.3752    0.0896    1.2100 C   0  0  0  0  0  0  0  0  0  0  0  0
    1.6918    1.1910   -0.3647 C   0  0  0  0  0  0  0  0  0  0  0  0
    1.6363    2.1502    0.4726 O   0  0  0  0  0  0  0  0  0  0  0  0
    0.9045    1.1261   -1.5199 C   0  0  0  0  0  3  0  0  0  0  0  0
   -0.5436    1.2996   -1.1265 C   0  0  0  0  0  0  0  0  0  0  0  0
   -1.2617    2.5673   -1.4874 C   0  0  0  0  0  0  0  0  0  0  0  0
   -1.0441    0.2813   -0.4004 C   0  0  0  0  0  0  0  0  0  0  0  0
   -2.4135    0.2675    0.2582 C   0  0  0  0  0  0  0  0  0  0  0  0
   -2.2652    0.1239    1.7758 C   0  0  0  0  0  0  0  0  0  0  0  0
   -3.3666   -0.8059   -0.2708 C   0  0  0  0  0  0  0  0  0  0  0  0
    0.1766   -2.9735   -0.4918 H   0  0  0  0  0  0  0  0  0  0  0  0
   -1.2781   -2.2370   -1.3632 H   0  0  0  0  0  0  0  0  0  0  0  0
    0.7981   -0.2348    1.6609 H   0  0  0  0  0  0  0  0  0  0  0  0
    1.3636   -1.8068    1.0841 H   0  0  0  0  0  0  0  0  0  0  0  0
    2.1589   -1.3714   -1.6650 H   0  0  0  0  0  0  0  0  0  0  0  0
    3.6726   -0.4658   -1.5374 H   0  0  0  0  0  0  0  0  0  0  0  0
    3.3863   -1.8743   -0.5106 H   0  0  0  0  0  0  0  0  0  0  0  0
    3.6846   -0.8742    1.6210 H   0  0  0  0  0  0  0  0  0  0  0  0
    4.2616    0.5791    0.7985 H   0  0  0  0  0  0  0  0  0  0  0  0
    2.9961    0.7031    2.0262 H   0  0  0  0  0  0  0  0  0  0  0  0
    1.0497    0.2191   -2.0950 H   0  0  0  0  0  0  0  0  0  0  0  0
   -0.7451    3.4185   -1.0332 H   0  0  0  0  0  0  0  0  0  0  0  0
   -1.2067    2.7187   -2.5689 H   0  0  0  0  0  0  0  0  0  0  0  0
   -2.3089    2.6029   -1.1909 H   0  0  0  0  0  0  0  0  0  0  0  0
   -2.8788    1.2342    0.0678 H   0  0  0  0  0  0  0  0  0  0  0  0
   -1.6340    0.9135    2.1887 H   0  0  0  0  0  0  0  0  0  0  0  0
   -1.8156   -0.8391    2.0319 H   0  0  0  0  0  0  0  0  0  0  0  0
   -3.2416    0.1767    2.2624 H   0  0  0  0  0  0  0  0  0  0  0  0
   -3.0377   -1.8057    0.0168 H   0  0  0  0  0  0  0  0  0  0  0  0
   -4.3634   -0.6527    0.1490 H   0  0  0  0  0  0  0  0  0  0  0  0
   -3.4470   -0.7714   -1.3591 H   0  0  0  0  0  0  0  0  0  0  0  0
  1  2  2  3
  2  3  1  0
  3  4  1  0
  4  5  1  0
  4  6  1  0
  4  7  1  0
  7  8  2  0
  7  9  1  0
  9 10  1  0
 10 11  1  0
 10 12  2  0
 12 13  1  0
 13 14  1  0
 13 15  1  0
 12  2  1  0
  1 16  1  0
  1 17  1  0
  3 18  1  0
  3 19  1  0
  5 20  1  0
  5 21  1  0
  5 22  1  0
  6 23  1  0
  6 24  1  0
  6 25  1  0
  9 26  1  0
 11 27  1  0
 11 28  1  0
 11 29  1  0
 13 30  1  0
 14 31  1  0
 14 32  1  0
 14 33  1  0
 15 34  1  0
 15 35  1  0
 15 36  1  0
M  RAD  1   9   2
M  END
",2021-01-18 04:56:38.329190,2021-01-18 02:12:45.681324,/projects/rlmolecule/svss/Project-Redox/gaussain_redox_rl/log/12071_e958c6.log.gz,,r6i5n18,-621.070671,-621.3448044906789,,,12071
733921,C=C1CCC(=O)[CH]C(CC)=C1C(C)(C)C,reduced,4,finished,-621.003169,"12188
     RDKit          3D

 36 36  0  0  0  0  0  0  0  0999 V2000
    0.8532   -2.0023   -1.6640 C   0  0  0  0  0  0  0  0  0  0  0  0
    0.3797   -1.5568   -0.5014 C   0  0  0  0  0  0  0  0  0  0  0  0
    0.1047   -2.5615    0.6125 C   0  0  0  0  0  0  0  0  0  0  0  0
   -1.4057   -2.9004    0.7948 C   0  0  0  0  0  0  0  0  0  0  0  0
   -2.0017   -1.5233    0.9544 C   0  0  0  0  0  0  0  0  0  0  0  0
   -1.9813   -1.0222    2.1292 O   0  0  0  0  0  0  0  0  0  0  0  0
   -2.1574   -0.7982   -0.2282 C   0  0  0  0  0  3  0  0  0  0  0  0
   -1.1629    0.3371   -0.2945 C   0  0  0  0  0  0  0  0  0  0  0  0
   -1.6797    1.7541   -0.3171 C   0  0  0  0  0  0  0  0  0  0  0  0
   -2.3656    2.1592    0.9872 C   0  0  0  0  0  0  0  0  0  0  0  0
    0.1260   -0.0657   -0.3284 C   0  0  0  0  0  0  0  0  0  0  0  0
    1.3707    0.8488   -0.2478 C   0  0  0  0  0  0  0  0  0  0  0  0
    2.6538    0.0379   -0.0075 C   0  0  0  0  0  0  0  0  0  0  0  0
    1.5696    1.6430   -1.5455 C   0  0  0  0  0  0  0  0  0  0  0  0
    1.2566    1.8058    0.9501 C   0  0  0  0  0  0  0  0  0  0  0  0
    1.0545   -1.3320   -2.4928 H   0  0  0  0  0  0  0  0  0  0  0  0
    1.0572   -3.0564   -1.8216 H   0  0  0  0  0  0  0  0  0  0  0  0
    0.4771   -2.1636    1.5606 H   0  0  0  0  0  0  0  0  0  0  0  0
    0.6551   -3.4790    0.3977 H   0  0  0  0  0  0  0  0  0  0  0  0
   -1.7695   -3.4092   -0.0987 H   0  0  0  0  0  0  0  0  0  0  0  0
   -1.5419   -3.5400    1.6689 H   0  0  0  0  0  0  0  0  0  0  0  0
   -2.1136   -1.4282   -1.1138 H   0  0  0  0  0  0  0  0  0  0  0  0
   -0.9091    2.4794   -0.5661 H   0  0  0  0  0  0  0  0  0  0  0  0
   -2.4219    1.8015   -1.1211 H   0  0  0  0  0  0  0  0  0  0  0  0
   -2.7671    3.1715    0.9150 H   0  0  0  0  0  0  0  0  0  0  0  0
   -1.6660    2.1278    1.8252 H   0  0  0  0  0  0  0  0  0  0  0  0
   -3.1896    1.4818    1.2173 H   0  0  0  0  0  0  0  0  0  0  0  0
    3.4760    0.7277    0.1950 H   0  0  0  0  0  0  0  0  0  0  0  0
    2.9260   -0.5683   -0.8700 H   0  0  0  0  0  0  0  0  0  0  0  0
    2.5496   -0.6264    0.8543 H   0  0  0  0  0  0  0  0  0  0  0  0
    1.6987    0.9645   -2.3916 H   0  0  0  0  0  0  0  0  0  0  0  0
    2.4681    2.2623   -1.4709 H   0  0  0  0  0  0  0  0  0  0  0  0
    0.7260    2.2973   -1.7640 H   0  0  0  0  0  0  0  0  0  0  0  0
    0.4252    2.5011    0.8699 H   0  0  0  0  0  0  0  0  0  0  0  0
    2.1733    2.3947    1.0365 H   0  0  0  0  0  0  0  0  0  0  0  0
    1.1319    1.2379    1.8758 H   0  0  0  0  0  0  0  0  0  0  0  0
  1  2  2  3
  2  3  1  0
  3  4  1  0
  4  5  1  0
  5  6  2  0
  5  7  1  0
  7  8  1  0
  8  9  1  0
  9 10  1  0
  8 11  2  0
 11 12  1  0
 12 13  1  0
 12 14  1  0
 12 15  1  0
 11  2  1  0
  1 16  1  0
  1 17  1  0
  3 18  1  0
  3 19  1  0
  4 20  1  0
  4 21  1  0
  7 22  1  0
  9 23  1  0
  9 24  1  0
 10 25  1  0
 10 26  1  0
 10 27  1  0
 13 28  1  0
 13 29  1  0
 13 30  1  0
 14 31  1  0
 14 32  1  0
 14 33  1  0
 15 34  1  0
 15 35  1  0
 15 36  1  0
M  RAD  1   7   2
M  END
",2021-01-18 10:26:50.941562,2021-01-18 08:19:43.393717,/projects/rlmolecule/svss/Project-Redox/gaussain_redox_rl/log/12188_d19100.log.gz,,r2i7n15,-621.060693,-621.3368385960554,,,12188
805727,CCC([O])=C(C(C)(C)N)C(C)(C)NC,reduced,4,finished,-617.422248,"19247
     RDKit          3D

 37 36  0  0  0  0  0  0  0  0999 V2000
   -3.0413   -0.7533    1.9632 C   0  0  0  0  0  0  0  0  0  0  0  0
   -2.6037   -0.3077    0.5713 C   0  0  0  0  0  0  0  0  0  0  0  0
   -1.2520   -0.8854    0.1432 C   0  0  0  0  0  0  0  0  0  0  0  0
   -1.3078   -2.1887    0.0757 O   0  0  0  0  0  1  0  0  0  0  0  0
   -0.1617   -0.1049   -0.1939 C   0  0  0  0  0  0  0  0  0  0  0  0
   -0.0587    1.3683    0.2912 C   0  0  0  0  0  0  0  0  0  0  0  0
    1.3864    1.8431    0.5517 C   0  0  0  0  0  0  0  0  0  0  0  0
   -0.7218    2.3746   -0.6619 C   0  0  0  0  0  0  0  0  0  0  0  0
   -0.7496    1.5250    1.6039 N   0  0  0  0  0  0  0  0  0  0  0  0
    0.9787   -0.6769   -1.0654 C   0  0  0  0  0  0  0  0  0  0  0  0
    0.6501   -2.0127   -1.7680 C   0  0  0  0  0  0  0  0  0  0  0  0
    1.2947    0.2593   -2.2498 C   0  0  0  0  0  0  0  0  0  0  0  0
    2.2531   -0.8583   -0.3067 N   0  0  0  0  0  0  0  0  0  0  0  0
    2.0987   -1.6070    0.9328 C   0  0  0  0  0  0  0  0  0  0  0  0
   -4.0547   -0.4130    2.1866 H   0  0  0  0  0  0  0  0  0  0  0  0
   -2.3776   -0.3500    2.7303 H   0  0  0  0  0  0  0  0  0  0  0  0
   -3.0305   -1.8409    2.0452 H   0  0  0  0  0  0  0  0  0  0  0  0
   -3.3122   -0.7182   -0.1578 H   0  0  0  0  0  0  0  0  0  0  0  0
   -2.6465    0.7717    0.4990 H   0  0  0  0  0  0  0  0  0  0  0  0
    1.3283    2.8637    0.9423 H   0  0  0  0  0  0  0  0  0  0  0  0
    1.8575    1.2187    1.3111 H   0  0  0  0  0  0  0  0  0  0  0  0
    2.0375    1.8627   -0.3149 H   0  0  0  0  0  0  0  0  0  0  0  0
   -0.2075    2.4155   -1.6216 H   0  0  0  0  0  0  0  0  0  0  0  0
   -0.6985    3.3787   -0.2264 H   0  0  0  0  0  0  0  0  0  0  0  0
   -1.7628    2.1081   -0.8466 H   0  0  0  0  0  0  0  0  0  0  0  0
   -0.3789    2.3622    2.0449 H   0  0  0  0  0  0  0  0  0  0  0  0
   -0.4724    0.7477    2.1972 H   0  0  0  0  0  0  0  0  0  0  0  0
   -0.3236   -1.9875   -2.2573 H   0  0  0  0  0  0  0  0  0  0  0  0
    1.4118   -2.1745   -2.5369 H   0  0  0  0  0  0  0  0  0  0  0  0
    0.6644   -2.8634   -1.0955 H   0  0  0  0  0  0  0  0  0  0  0  0
    0.4468    0.2805   -2.9381 H   0  0  0  0  0  0  0  0  0  0  0  0
    1.5246    1.2803   -1.9706 H   0  0  0  0  0  0  0  0  0  0  0  0
    2.1562   -0.1354   -2.7957 H   0  0  0  0  0  0  0  0  0  0  0  0
    2.8683   -1.3905   -0.9166 H   0  0  0  0  0  0  0  0  0  0  0  0
    3.0854   -1.8514    1.3288 H   0  0  0  0  0  0  0  0  0  0  0  0
    1.5369   -2.5439    0.8294 H   0  0  0  0  0  0  0  0  0  0  0  0
    1.5825   -0.9966    1.6759 H   0  0  0  0  0  0  0  0  0  0  0  0
  1  2  1  0
  2  3  1  0
  3  4  1  0
  3  5  2  3
  5  6  1  0
  6  7  1  0
  6  8  1  0
  6  9  1  0
  5 10  1  0
 10 11  1  0
 10 12  1  0
 10 13  1  0
 13 14  1  0
  1 15  1  0
  1 16  1  0
  1 17  1  0
  2 18  1  0
  2 19  1  0
  7 20  1  0
  7 21  1  0
  7 22  1  0
  8 23  1  0
  8 24  1  0
  8 25  1  0
  9 26  1  0
  9 27  1  0
 11 28  1  0
 11 29  1  0
 11 30  1  0
 12 31  1  0
 12 32  1  0
 12 33  1  0
 13 34  1  0
 14 35  1  0
 14 36  1  0
 14 37  1  0
M  RAD  1   4   2
M  END
",2021-01-18 19:37:33.578203,2021-01-18 16:20:07.533294,/projects/rlmolecule/svss/Project-Redox/gaussain_redox_rl/log/19247_057f23.log.gz,,r1i1n29,-617.481409,-617.7738148615892,,,19247
903831,CCC([O])=C(C(C)(C)CC)C(C)(C)SC,reduced,4,finished,-983.489958,"19223
     RDKit          3D

 40 39  0  0  0  0  0  0  0  0999 V2000
    0.4883    3.3581    1.2445 C   0  0  0  0  0  0  0  0  0  0  0  0
    0.0850    2.7174   -0.0834 C   0  0  0  0  0  0  0  0  0  0  0  0
   -0.6648    1.4038    0.1740 C   0  0  0  0  0  0  0  0  0  0  0  0
   -1.8481    1.6688    0.6583 O   0  0  0  0  0  1  0  0  0  0  0  0
   -0.1273    0.1426   -0.0277 C   0  0  0  0  0  0  0  0  0  0  0  0
   -0.9105   -1.1263    0.4411 C   0  0  0  0  0  0  0  0  0  0  0  0
   -0.0013   -2.2644    0.9726 C   0  0  0  0  0  0  0  0  0  0  0  0
   -1.8451   -0.8609    1.6429 C   0  0  0  0  0  0  0  0  0  0  0  0
   -1.7635   -1.7364   -0.6994 C   0  0  0  0  0  0  0  0  0  0  0  0
   -2.8170   -0.8235   -1.3134 C   0  0  0  0  0  0  0  0  0  0  0  0
    1.1493    0.0136   -0.8954 C   0  0  0  0  0  0  0  0  0  0  0  0
    0.9437    0.6459   -2.2871 C   0  0  0  0  0  0  0  0  0  0  0  0
    1.6774   -1.3954   -1.2170 C   0  0  0  0  0  0  0  0  0  0  0  0
    2.6692    0.8612   -0.1673 S   0  0  0  0  0  0  0  0  0  0  0  0
    2.7034    0.1751    1.4917 C   0  0  0  0  0  0  0  0  0  0  0  0
   -0.3736    3.4816    1.9015 H   0  0  0  0  0  0  0  0  0  0  0  0
    1.2243    2.7330    1.7562 H   0  0  0  0  0  0  0  0  0  0  0  0
    0.9360    4.3419    1.0880 H   0  0  0  0  0  0  0  0  0  0  0  0
   -0.6176    3.3765   -0.6023 H   0  0  0  0  0  0  0  0  0  0  0  0
    0.9718    2.6346   -0.6949 H   0  0  0  0  0  0  0  0  0  0  0  0
   -0.5957   -2.9276    1.6037 H   0  0  0  0  0  0  0  0  0  0  0  0
    0.4205   -2.8872    0.1910 H   0  0  0  0  0  0  0  0  0  0  0  0
    0.8142   -1.8751    1.5848 H   0  0  0  0  0  0  0  0  0  0  0  0
   -2.6775   -0.2097    1.4161 H   0  0  0  0  0  0  0  0  0  0  0  0
   -2.2400   -1.8180    1.9923 H   0  0  0  0  0  0  0  0  0  0  0  0
   -1.2870   -0.4096    2.4689 H   0  0  0  0  0  0  0  0  0  0  0  0
   -2.2531   -2.6361   -0.3063 H   0  0  0  0  0  0  0  0  0  0  0  0
   -1.0979   -2.0784   -1.4959 H   0  0  0  0  0  0  0  0  0  0  0  0
   -3.5707   -0.5211   -0.5849 H   0  0  0  0  0  0  0  0  0  0  0  0
   -3.3331   -1.3319   -2.1303 H   0  0  0  0  0  0  0  0  0  0  0  0
   -2.3592    0.0819   -1.7179 H   0  0  0  0  0  0  0  0  0  0  0  0
    1.8919    0.7315   -2.8265 H   0  0  0  0  0  0  0  0  0  0  0  0
    0.2969   -0.0235   -2.8619 H   0  0  0  0  0  0  0  0  0  0  0  0
    0.4659    1.6199   -2.2645 H   0  0  0  0  0  0  0  0  0  0  0  0
    2.1241   -1.8932   -0.3613 H   0  0  0  0  0  0  0  0  0  0  0  0
    2.4545   -1.2889   -1.9749 H   0  0  0  0  0  0  0  0  0  0  0  0
    0.9009   -2.0359   -1.6338 H   0  0  0  0  0  0  0  0  0  0  0  0
    2.9367   -0.8896    1.4915 H   0  0  0  0  0  0  0  0  0  0  0  0
    1.7455    0.3422    1.9869 H   0  0  0  0  0  0  0  0  0  0  0  0
    3.4835    0.7034    2.0400 H   0  0  0  0  0  0  0  0  0  0  0  0
  1  2  1  0
  2  3  1  0
  3  4  1  0
  3  5  2  3
  5  6  1  0
  6  7  1  0
  6  8  1  0
  6  9  1  0
  9 10  1  0
  5 11  1  0
 11 12  1  0
 11 13  1  0
 11 14  1  0
 14 15  1  0
  1 16  1  0
  1 17  1  0
  1 18  1  0
  2 19  1  0
  2 20  1  0
  7 21  1  0
  7 22  1  0
  7 23  1  0
  8 24  1  0
  8 25  1  0
  8 26  1  0
  9 27  1  0
  9 28  1  0
 10 29  1  0
 10 30  1  0
 10 31  1  0
 12 32  1  0
 12 33  1  0
 12 34  1  0
 13 35  1  0
 13 36  1  0
 13 37  1  0
 15 38  1  0
 15 39  1  0
 15 40  1  0
M  RAD  1   4   2
M  END
",2021-01-18 20:41:11.942463,2021-01-18 17:59:12.731856,/projects/rlmolecule/svss/Project-Redox/gaussain_redox_rl/log/19223_f6579d.log.gz,,r1i1n3,-983.553344,-983.8667021102817,,,19223
853892,CCC([O])=C(C(C)(C)CC)C(C)(C)CC,reduced,4,finished,-624.575548,"19211
     RDKit          3D

 42 41  0  0  0  0  0  0  0  0999 V2000
   -1.8906    2.7676    1.7315 C   0  0  0  0  0  0  0  0  0  0  0  0
   -1.2865    2.3679    0.3874 C   0  0  0  0  0  0  0  0  0  0  0  0
    0.0643    1.6489    0.4778 C   0  0  0  0  0  0  0  0  0  0  0  0
    0.9630    2.4384    1.0146 O   0  0  0  0  0  1  0  0  0  0  0  0
    0.2977    0.3901   -0.0386 C   0  0  0  0  0  0  0  0  0  0  0  0
    1.7492   -0.0365   -0.4187 C   0  0  0  0  0  0  0  0  0  0  0  0
    1.7836   -0.7004   -1.8155 C   0  0  0  0  0  0  0  0  0  0  0  0
    2.7178    1.1541   -0.6092 C   0  0  0  0  0  0  0  0  0  0  0  0
    2.4495   -0.9924    0.5861 C   0  0  0  0  0  0  0  0  0  0  0  0
    2.3071   -0.5917    2.0477 C   0  0  0  0  0  0  0  0  0  0  0  0
   -0.8723   -0.6380   -0.1978 C   0  0  0  0  0  0  0  0  0  0  0  0
   -1.9793   -0.4558    0.8723 C   0  0  0  0  0  0  0  0  0  0  0  0
   -0.4100   -2.0862    0.0877 C   0  0  0  0  0  0  0  0  0  0  0  0
   -1.5197   -0.5576   -1.6047 C   0  0  0  0  0  0  0  0  0  0  0  0
   -2.6747   -1.5185   -1.8802 C   0  0  0  0  0  0  0  0  0  0  0  0
   -2.7881    3.3743    1.5940 H   0  0  0  0  0  0  0  0  0  0  0  0
   -1.1787    3.3571    2.3106 H   0  0  0  0  0  0  0  0  0  0  0  0
   -2.1654    1.8951    2.3261 H   0  0  0  0  0  0  0  0  0  0  0  0
   -2.0157    1.8463   -0.2229 H   0  0  0  0  0  0  0  0  0  0  0  0
   -1.0477    3.2887   -0.1570 H   0  0  0  0  0  0  0  0  0  0  0  0
    1.5152    0.0305   -2.5833 H   0  0  0  0  0  0  0  0  0  0  0  0
    1.1288   -1.5560   -1.9361 H   0  0  0  0  0  0  0  0  0  0  0  0
    2.8024   -1.0389   -2.0245 H   0  0  0  0  0  0  0  0  0  0  0  0
    3.5827    0.7994   -1.1769 H   0  0  0  0  0  0  0  0  0  0  0  0
    2.2517    1.9608   -1.1771 H   0  0  0  0  0  0  0  0  0  0  0  0
    3.0843    1.5693    0.3244 H   0  0  0  0  0  0  0  0  0  0  0  0
    2.0953   -2.0148    0.4590 H   0  0  0  0  0  0  0  0  0  0  0  0
    3.5136   -1.0130    0.3238 H   0  0  0  0  0  0  0  0  0  0  0  0
    2.8636   -1.2722    2.6955 H   0  0  0  0  0  0  0  0  0  0  0  0
    1.2603   -0.6114    2.3594 H   0  0  0  0  0  0  0  0  0  0  0  0
    2.6842    0.4174    2.2256 H   0  0  0  0  0  0  0  0  0  0  0  0
   -2.6842    0.3433    0.6612 H   0  0  0  0  0  0  0  0  0  0  0  0
   -1.5305   -0.2655    1.8490 H   0  0  0  0  0  0  0  0  0  0  0  0
   -2.5677   -1.3715    0.9561 H   0  0  0  0  0  0  0  0  0  0  0  0
   -0.0087   -2.1552    1.1011 H   0  0  0  0  0  0  0  0  0  0  0  0
    0.3342   -2.4795   -0.5957 H   0  0  0  0  0  0  0  0  0  0  0  0
   -1.2713   -2.7539    0.0418 H   0  0  0  0  0  0  0  0  0  0  0  0
   -0.7499   -0.7137   -2.3612 H   0  0  0  0  0  0  0  0  0  0  0  0
   -1.8784    0.4652   -1.7470 H   0  0  0  0  0  0  0  0  0  0  0  0
   -2.3544   -2.5612   -1.8537 H   0  0  0  0  0  0  0  0  0  0  0  0
   -3.0896   -1.3324   -2.8729 H   0  0  0  0  0  0  0  0  0  0  0  0
   -3.4856   -1.3977   -1.1598 H   0  0  0  0  0  0  0  0  0  0  0  0
  1  2  1  0
  2  3  1  0
  3  4  1  0
  3  5  2  3
  5  6  1  0
  6  7  1  0
  6  8  1  0
  6  9  1  0
  9 10  1  0
  5 11  1  0
 11 12  1  0
 11 13  1  0
 11 14  1  0
 14 15  1  0
  1 16  1  0
  1 17  1  0
  1 18  1  0
  2 19  1  0
  2 20  1  0
  7 21  1  0
  7 22  1  0
  7 23  1  0
  8 24  1  0
  8 25  1  0
  8 26  1  0
  9 27  1  0
  9 28  1  0
 10 29  1  0
 10 30  1  0
 10 31  1  0
 12 32  1  0
 12 33  1  0
 12 34  1  0
 13 35  1  0
 13 36  1  0
 13 37  1  0
 14 38  1  0
 14 39  1  0
 15 40  1  0
 15 41  1  0
 15 42  1  0
M  RAD  1   4   2
M  END
",2021-01-18 21:47:17.180531,2021-01-18 18:41:09.155124,/projects/rlmolecule/svss/Project-Redox/gaussain_redox_rl/log/19211_75222b.log.gz,,r1i0n32,-624.638129,-624.9798876515556,,,19211
887200,CCC([O])=C(C(C)(C)C)C(C)(CC)CC,reduced,4,finished,-624.576736,"19208
     RDKit          3D

 42 41  0  0  0  0  0  0  0  0999 V2000
   -2.3186    3.0437    0.5634 C   0  0  0  0  0  0  0  0  0  0  0  0
   -1.3547    2.0728    1.2425 C   0  0  0  0  0  0  0  0  0  0  0  0
   -0.2161    1.5740    0.3458 C   0  0  0  0  0  0  0  0  0  0  0  0
    0.5489    2.5776   -0.0157 O   0  0  0  0  0  1  0  0  0  0  0  0
    0.0068    0.2429    0.0579 C   0  0  0  0  0  0  0  0  0  0  0  0
   -1.1659   -0.7938    0.1193 C   0  0  0  0  0  0  0  0  0  0  0  0
   -2.5320   -0.1826   -0.2773 C   0  0  0  0  0  0  0  0  0  0  0  0
   -1.3379   -1.4562    1.4996 C   0  0  0  0  0  0  0  0  0  0  0  0
   -1.0320   -1.9334   -0.9183 C   0  0  0  0  0  0  0  0  0  0  0  0
    1.4303   -0.2411   -0.3496 C   0  0  0  0  0  0  0  0  0  0  0  0
    2.5554    0.7834   -0.0803 C   0  0  0  0  0  0  0  0  0  0  0  0
    1.5893   -0.6245   -1.8479 C   0  0  0  0  0  0  0  0  0  0  0  0
    0.9750    0.3714   -2.8227 C   0  0  0  0  0  0  0  0  0  0  0  0
    1.8558   -1.4728    0.5029 C   0  0  0  0  0  0  0  0  0  0  0  0
    2.0954   -1.1873    1.9837 C   0  0  0  0  0  0  0  0  0  0  0  0
   -1.7743    3.8885    0.1397 H   0  0  0  0  0  0  0  0  0  0  0  0
   -3.0454    3.4409    1.2752 H   0  0  0  0  0  0  0  0  0  0  0  0
   -2.8709    2.5633   -0.2458 H   0  0  0  0  0  0  0  0  0  0  0  0
   -1.8954    1.2745    1.7407 H   0  0  0  0  0  0  0  0  0  0  0  0
   -0.8340    2.6200    2.0365 H   0  0  0  0  0  0  0  0  0  0  0  0
   -2.4388    0.4083   -1.1913 H   0  0  0  0  0  0  0  0  0  0  0  0
   -3.2401   -0.9913   -0.4748 H   0  0  0  0  0  0  0  0  0  0  0  0
   -2.9852    0.4417    0.4849 H   0  0  0  0  0  0  0  0  0  0  0  0
   -0.4800   -2.0759    1.7630 H   0  0  0  0  0  0  0  0  0  0  0  0
   -1.4633   -0.7104    2.2868 H   0  0  0  0  0  0  0  0  0  0  0  0
   -2.2234   -2.1003    1.5036 H   0  0  0  0  0  0  0  0  0  0  0  0
   -1.0381   -1.5375   -1.9359 H   0  0  0  0  0  0  0  0  0  0  0  0
   -1.9017   -2.5870   -0.8175 H   0  0  0  0  0  0  0  0  0  0  0  0
   -0.1548   -2.5598   -0.8046 H   0  0  0  0  0  0  0  0  0  0  0  0
    2.5950    1.5710   -0.8266 H   0  0  0  0  0  0  0  0  0  0  0  0
    2.4664    1.2568    0.8954 H   0  0  0  0  0  0  0  0  0  0  0  0
    3.5088    0.2455   -0.1084 H   0  0  0  0  0  0  0  0  0  0  0  0
    2.6642   -0.7002   -2.0481 H   0  0  0  0  0  0  0  0  0  0  0  0
    1.1846   -1.6164   -2.0450 H   0  0  0  0  0  0  0  0  0  0  0  0
    1.1973    0.0961   -3.8559 H   0  0  0  0  0  0  0  0  0  0  0  0
    1.3592    1.3806   -2.6590 H   0  0  0  0  0  0  0  0  0  0  0  0
   -0.1104    0.4125   -2.7122 H   0  0  0  0  0  0  0  0  0  0  0  0
    2.7832   -1.8610    0.0671 H   0  0  0  0  0  0  0  0  0  0  0  0
    1.1314   -2.2765    0.4224 H   0  0  0  0  0  0  0  0  0  0  0  0
    2.1904   -2.1205    2.5430 H   0  0  0  0  0  0  0  0  0  0  0  0
    3.0086   -0.6140    2.1464 H   0  0  0  0  0  0  0  0  0  0  0  0
    1.2673   -0.6225    2.4174 H   0  0  0  0  0  0  0  0  0  0  0  0
  1  2  1  0
  2  3  1  0
  3  4  1  0
  3  5  2  3
  5  6  1  0
  6  7  1  0
  6  8  1  0
  6  9  1  0
  5 10  1  0
 10 11  1  0
 10 12  1  0
 12 13  1  0
 10 14  1  0
 14 15  1  0
  1 16  1  0
  1 17  1  0
  1 18  1  0
  2 19  1  0
  2 20  1  0
  7 21  1  0
  7 22  1  0
  7 23  1  0
  8 24  1  0
  8 25  1  0
  8 26  1  0
  9 27  1  0
  9 28  1  0
  9 29  1  0
 11 30  1  0
 11 31  1  0
 11 32  1  0
 12 33  1  0
 12 34  1  0
 13 35  1  0
 13 36  1  0
 13 37  1  0
 14 38  1  0
 14 39  1  0
 15 40  1  0
 15 41  1  0
 15 42  1  0
M  RAD  1   4   2
M  END
",2021-01-18 21:48:42.297117,2021-01-18 18:50:39.853926,/projects/rlmolecule/svss/Project-Redox/gaussain_redox_rl/log/19208_725e76.log.gz,,r1i1n18,-624.638465,-624.9808704590157,,,19208
732797,CCC([O])=C(C(C)(C)C)C(C)(C)NC,reduced,4,finished,-601.355768,"19196
     RDKit          3D

 38 37  0  0  0  0  0  0  0  0999 V2000
   -2.2506    2.8722    0.2295 C   0  0  0  0  0  0  0  0  0  0  0  0
   -1.8692    1.7321   -0.7126 C   0  0  0  0  0  0  0  0  0  0  0  0
   -0.3912    1.3329   -0.6470 C   0  0  0  0  0  0  0  0  0  0  0  0
    0.3638    2.3253   -1.0445 O   0  0  0  0  0  1  0  0  0  0  0  0
    0.0442    0.0700   -0.2978 C   0  0  0  0  0  0  0  0  0  0  0  0
   -0.8520   -0.8891    0.5509 C   0  0  0  0  0  0  0  0  0  0  0  0
   -0.0395   -1.8434    1.4572 C   0  0  0  0  0  0  0  0  0  0  0  0
   -1.7190   -0.1422    1.5933 C   0  0  0  0  0  0  0  0  0  0  0  0
   -1.7962   -1.7528   -0.3071 C   0  0  0  0  0  0  0  0  0  0  0  0
    1.4428   -0.4175   -0.7444 C   0  0  0  0  0  0  0  0  0  0  0  0
    1.3489   -1.7920   -1.4394 C   0  0  0  0  0  0  0  0  0  0  0  0
    2.1303    0.4548   -1.8190 C   0  0  0  0  0  0  0  0  0  0  0  0
    2.3981   -0.5680    0.3955 N   0  0  0  0  0  0  0  0  0  0  0  0
    2.4806    0.6083    1.2507 C   0  0  0  0  0  0  0  0  0  0  0  0
   -1.6206    3.7444    0.0504 H   0  0  0  0  0  0  0  0  0  0  0  0
   -3.2884    3.1767    0.0793 H   0  0  0  0  0  0  0  0  0  0  0  0
   -2.1342    2.5853    1.2758 H   0  0  0  0  0  0  0  0  0  0  0  0
   -1.9960    2.0896   -1.7403 H   0  0  0  0  0  0  0  0  0  0  0  0
   -2.5517    0.8965   -0.6027 H   0  0  0  0  0  0  0  0  0  0  0  0
    0.5186   -1.2798    2.2068 H   0  0  0  0  0  0  0  0  0  0  0  0
    0.6652   -2.4825    0.9412 H   0  0  0  0  0  0  0  0  0  0  0  0
   -0.7465   -2.4878    1.9864 H   0  0  0  0  0  0  0  0  0  0  0  0
   -2.5840    0.3662    1.1806 H   0  0  0  0  0  0  0  0  0  0  0  0
   -2.1014   -0.8637    2.3200 H   0  0  0  0  0  0  0  0  0  0  0  0
   -1.1193    0.5912    2.1373 H   0  0  0  0  0  0  0  0  0  0  0  0
   -1.2447   -2.4248   -0.9651 H   0  0  0  0  0  0  0  0  0  0  0  0
   -2.4411   -1.1342   -0.9332 H   0  0  0  0  0  0  0  0  0  0  0  0
   -2.4397   -2.3669    0.3315 H   0  0  0  0  0  0  0  0  0  0  0  0
    2.3585   -2.1538   -1.6541 H   0  0  0  0  0  0  0  0  0  0  0  0
    0.8256   -1.6846   -2.3923 H   0  0  0  0  0  0  0  0  0  0  0  0
    0.8405   -2.5576   -0.8665 H   0  0  0  0  0  0  0  0  0  0  0  0
    2.5235    1.3858   -1.4248 H   0  0  0  0  0  0  0  0  0  0  0  0
    1.4567    0.6965   -2.6407 H   0  0  0  0  0  0  0  0  0  0  0  0
    2.9657   -0.1243   -2.2246 H   0  0  0  0  0  0  0  0  0  0  0  0
    3.3132   -0.7105   -0.0242 H   0  0  0  0  0  0  0  0  0  0  0  0
    2.6050    1.5543    0.7083 H   0  0  0  0  0  0  0  0  0  0  0  0
    3.3274    0.4985    1.9297 H   0  0  0  0  0  0  0  0  0  0  0  0
    1.5768    0.6949    1.8561 H   0  0  0  0  0  0  0  0  0  0  0  0
  1  2  1  0
  2  3  1  0
  3  4  1  0
  3  5  2  3
  5  6  1  0
  6  7  1  0
  6  8  1  0
  6  9  1  0
  5 10  1  0
 10 11  1  0
 10 12  1  0
 10 13  1  0
 13 14  1  0
  1 15  1  0
  1 16  1  0
  1 17  1  0
  2 18  1  0
  2 19  1  0
  7 20  1  0
  7 21  1  0
  7 22  1  0
  8 23  1  0
  8 24  1  0
  8 25  1  0
  9 26  1  0
  9 27  1  0
  9 28  1  0
 11 29  1  0
 11 30  1  0
 11 31  1  0
 12 32  1  0
 12 33  1  0
 12 34  1  0
 13 35  1  0
 14 36  1  0
 14 37  1  0
 14 38  1  0
M  RAD  1   4   2
M  END
",2021-01-18 22:51:38.596412,2021-01-18 19:39:48.438431,/projects/rlmolecule/svss/Project-Redox/gaussain_redox_rl/log/19196_b76453.log.gz,,r4i1n33,-601.415089,-601.7186313533454,,,19196
848438,CCC([O])=C(C(C)(C)C)C(C)(C)N(C)C,reduced,4,finished,-640.620613,"19193
     RDKit          3D

 41 40  0  0  0  0  0  0  0  0999 V2000
    3.4656    1.2122    1.3316 C   0  0  0  0  0  0  0  0  0  0  0  0
    2.8455    0.0959    0.4941 C   0  0  0  0  0  0  0  0  0  0  0  0
    1.5683    0.4957   -0.2519 C   0  0  0  0  0  0  0  0  0  0  0  0
    1.8211    1.4448   -1.1164 O   0  0  0  0  0  1  0  0  0  0  0  0
    0.3567   -0.1438   -0.0852 C   0  0  0  0  0  0  0  0  0  0  0  0
    0.0124   -0.8750    1.2531 C   0  0  0  0  0  0  0  0  0  0  0  0
   -1.4853   -0.7806    1.6262 C   0  0  0  0  0  0  0  0  0  0  0  0
    0.4063   -2.3643    1.2638 C   0  0  0  0  0  0  0  0  0  0  0  0
    0.6759   -0.2155    2.4866 C   0  0  0  0  0  0  0  0  0  0  0  0
   -0.6947   -0.1122   -1.2284 C   0  0  0  0  0  0  0  0  0  0  0  0
   -0.1090    0.2873   -2.6041 C   0  0  0  0  0  0  0  0  0  0  0  0
   -1.2021   -1.5498   -1.4850 C   0  0  0  0  0  0  0  0  0  0  0  0
   -1.8668    0.7733   -0.9025 N   0  0  0  0  0  0  0  0  0  0  0  0
   -2.7937    0.9807   -2.0068 C   0  0  0  0  0  0  0  0  0  0  0  0
   -1.4632    2.0772   -0.4053 C   0  0  0  0  0  0  0  0  0  0  0  0
    4.4307    0.9076    1.7415 H   0  0  0  0  0  0  0  0  0  0  0  0
    2.8221    1.4958    2.1658 H   0  0  0  0  0  0  0  0  0  0  0  0
    3.6300    2.1000    0.7198 H   0  0  0  0  0  0  0  0  0  0  0  0
    3.5472   -0.1462   -0.3120 H   0  0  0  0  0  0  0  0  0  0  0  0
    2.7400   -0.8140    1.0762 H   0  0  0  0  0  0  0  0  0  0  0  0
   -1.7727    0.2579    1.8005 H   0  0  0  0  0  0  0  0  0  0  0  0
   -2.1688   -1.1889    0.8933 H   0  0  0  0  0  0  0  0  0  0  0  0
   -1.6365   -1.3282    2.5603 H   0  0  0  0  0  0  0  0  0  0  0  0
    1.4681   -2.4924    1.0449 H   0  0  0  0  0  0  0  0  0  0  0  0
    0.2131   -2.8029    2.2484 H   0  0  0  0  0  0  0  0  0  0  0  0
   -0.1556   -2.9409    0.5294 H   0  0  0  0  0  0  0  0  0  0  0  0
    0.1832   -0.5794    3.3919 H   0  0  0  0  0  0  0  0  0  0  0  0
    1.7319   -0.4372    2.6018 H   0  0  0  0  0  0  0  0  0  0  0  0
    0.5555    0.8698    2.4556 H   0  0  0  0  0  0  0  0  0  0  0  0
    0.0362    1.3575   -2.7187 H   0  0  0  0  0  0  0  0  0  0  0  0
   -0.7916   -0.0470   -3.3887 H   0  0  0  0  0  0  0  0  0  0  0  0
    0.8502   -0.2014   -2.7686 H   0  0  0  0  0  0  0  0  0  0  0  0
   -1.9103   -1.5705   -2.3138 H   0  0  0  0  0  0  0  0  0  0  0  0
   -0.3522   -2.1703   -1.7759 H   0  0  0  0  0  0  0  0  0  0  0  0
   -1.6785   -2.0202   -0.6335 H   0  0  0  0  0  0  0  0  0  0  0  0
   -3.6840    1.4898   -1.6309 H   0  0  0  0  0  0  0  0  0  0  0  0
   -2.3781    1.6052   -2.8116 H   0  0  0  0  0  0  0  0  0  0  0  0
   -3.1167    0.0366   -2.4415 H   0  0  0  0  0  0  0  0  0  0  0  0
   -2.3536    2.6427   -0.1209 H   0  0  0  0  0  0  0  0  0  0  0  0
   -0.8260    1.9753    0.4717 H   0  0  0  0  0  0  0  0  0  0  0  0
   -0.9205    2.6754   -1.1549 H   0  0  0  0  0  0  0  0  0  0  0  0
  1  2  1  0
  2  3  1  0
  3  4  1  0
  3  5  2  3
  5  6  1  0
  6  7  1  0
  6  8  1  0
  6  9  1  0
  5 10  1  0
 10 11  1  0
 10 12  1  0
 10 13  1  0
 13 14  1  0
 13 15  1  0
  1 16  1  0
  1 17  1  0
  1 18  1  0
  2 19  1  0
  2 20  1  0
  7 21  1  0
  7 22  1  0
  7 23  1  0
  8 24  1  0
  8 25  1  0
  8 26  1  0
  9 27  1  0
  9 28  1  0
  9 29  1  0
 11 30  1  0
 11 31  1  0
 11 32  1  0
 12 33  1  0
 12 34  1  0
 12 35  1  0
 14 36  1  0
 14 37  1  0
 14 38  1  0
 15 39  1  0
 15 40  1  0
 15 41  1  0
M  RAD  1   4   2
M  END
",2021-01-18 23:41:19.073447,2021-01-18 19:59:02.604746,/projects/rlmolecule/svss/Project-Redox/gaussain_redox_rl/log/19193_a0cb4c.log.gz,,r1i1n18,-640.68229,-641.0124861972076,,,19193
838442,C=CCC([O])=C(C(C)(C)C)C(C)(C)CC,reduced,4,finished,-623.37701,"13013
     RDKit          3D

 40 39  0  0  0  0  0  0  0  0999 V2000
    2.8775   -0.6764    2.4407 C   0  0  0  0  0  0  0  0  0  0  0  0
    3.3498   -0.6676    1.2016 C   0  0  0  0  0  0  0  0  0  0  0  0
    2.5425   -0.7521   -0.0637 C   0  0  0  0  0  0  0  0  0  0  0  0
    1.0528   -1.0798    0.0815 C   0  0  0  0  0  0  0  0  0  0  0  0
    0.8991   -2.3031    0.5255 O   0  0  0  0  0  1  0  0  0  0  0  0
    0.0467   -0.2260   -0.3191 C   0  0  0  0  0  0  0  0  0  0  0  0
    0.2783    1.3180   -0.4045 C   0  0  0  0  0  0  0  0  0  0  0  0
    1.3059    1.8491    0.6222 C   0  0  0  0  0  0  0  0  0  0  0  0
   -0.9796    2.1298   -0.0154 C   0  0  0  0  0  0  0  0  0  0  0  0
    0.7393    1.7874   -1.7967 C   0  0  0  0  0  0  0  0  0  0  0  0
   -1.3597   -0.7984   -0.6687 C   0  0  0  0  0  0  0  0  0  0  0  0
   -1.3615   -2.3176   -0.9572 C   0  0  0  0  0  0  0  0  0  0  0  0
   -1.8718   -0.2212   -2.0094 C   0  0  0  0  0  0  0  0  0  0  0  0
   -2.4495   -0.5706    0.4141 C   0  0  0  0  0  0  0  0  0  0  0  0
   -1.9980   -0.8730    1.8364 C   0  0  0  0  0  0  0  0  0  0  0  0
    1.8134   -0.7537    2.6407 H   0  0  0  0  0  0  0  0  0  0  0  0
    3.5389   -0.6060    3.2961 H   0  0  0  0  0  0  0  0  0  0  0  0
    4.4255   -0.5910    1.0574 H   0  0  0  0  0  0  0  0  0  0  0  0
    2.9450   -1.5955   -0.6387 H   0  0  0  0  0  0  0  0  0  0  0  0
    2.7469    0.1223   -0.6792 H   0  0  0  0  0  0  0  0  0  0  0  0
    1.2338    2.9390    0.6599 H   0  0  0  0  0  0  0  0  0  0  0  0
    1.0879    1.4656    1.6208 H   0  0  0  0  0  0  0  0  0  0  0  0
    2.3402    1.6173    0.3919 H   0  0  0  0  0  0  0  0  0  0  0  0
   -1.2665    1.9192    1.0175 H   0  0  0  0  0  0  0  0  0  0  0  0
   -1.8480    1.9701   -0.6432 H   0  0  0  0  0  0  0  0  0  0  0  0
   -0.7340    3.1925   -0.0762 H   0  0  0  0  0  0  0  0  0  0  0  0
    0.0046    1.5621   -2.5691 H   0  0  0  0  0  0  0  0  0  0  0  0
    0.9067    2.8695   -1.8002 H   0  0  0  0  0  0  0  0  0  0  0  0
    1.6769    1.3053   -2.0811 H   0  0  0  0  0  0  0  0  0  0  0  0
   -0.5196   -2.6066   -1.5874 H   0  0  0  0  0  0  0  0  0  0  0  0
   -2.2830   -2.5575   -1.4952 H   0  0  0  0  0  0  0  0  0  0  0  0
   -1.3360   -2.9289   -0.0606 H   0  0  0  0  0  0  0  0  0  0  0  0
   -1.9203    0.8602   -2.0608 H   0  0  0  0  0  0  0  0  0  0  0  0
   -2.8799   -0.6005   -2.1986 H   0  0  0  0  0  0  0  0  0  0  0  0
   -1.2326   -0.5609   -2.8292 H   0  0  0  0  0  0  0  0  0  0  0  0
   -2.8340    0.4479    0.3707 H   0  0  0  0  0  0  0  0  0  0  0  0
   -3.2966   -1.2188    0.1619 H   0  0  0  0  0  0  0  0  0  0  0  0
   -2.8236   -0.7587    2.5419 H   0  0  0  0  0  0  0  0  0  0  0  0
   -1.1964   -0.1977    2.1442 H   0  0  0  0  0  0  0  0  0  0  0  0
   -1.6211   -1.8936    1.9291 H   0  0  0  0  0  0  0  0  0  0  0  0
  1  2  2  3
  2  3  1  0
  3  4  1  0
  4  5  1  0
  4  6  2  3
  6  7  1  0
  7  8  1  0
  7  9  1  0
  7 10  1  0
  6 11  1  0
 11 12  1  0
 11 13  1  0
 11 14  1  0
 14 15  1  0
  1 16  1  0
  1 17  1  0
  2 18  1  0
  3 19  1  0
  3 20  1  0
  8 21  1  0
  8 22  1  0
  8 23  1  0
  9 24  1  0
  9 25  1  0
  9 26  1  0
 10 27  1  0
 10 28  1  0
 10 29  1  0
 12 30  1  0
 12 31  1  0
 12 32  1  0
 13 33  1  0
 13 34  1  0
 13 35  1  0
 14 36  1  0
 14 37  1  0
 15 38  1  0
 15 39  1  0
 15 40  1  0
M  RAD  1   5   2
M  END
",2021-01-20 07:59:18.524279,2021-01-20 05:23:18.384658,/projects/rlmolecule/svss/Project-Redox/gaussain_redox_rl/log/13013_12f95e.log.gz,,r6i6n30,-623.438087,-623.7568703134842,,,13013
732628,CC(C)(C)C(=C([O])C(C)(C)N)C(C)(C)N,reduced,4,finished,-656.702534,"13784
     RDKit          3D

 40 39  0  0  0  0  0  0  0  0999 V2000
   -1.2314   -2.4037   -0.3972 C   0  0  0  0  0  0  0  0  0  0  0  0
   -1.6160   -0.9097   -0.2980 C   0  0  0  0  0  0  0  0  0  0  0  0
   -2.5586   -0.8892    0.9236 C   0  0  0  0  0  0  0  0  0  0  0  0
   -2.4498   -0.5867   -1.5539 C   0  0  0  0  0  0  0  0  0  0  0  0
   -0.3629   -0.0020   -0.0918 C   0  0  0  0  0  0  0  0  0  0  0  0
    0.7957   -0.3946   -0.7561 C   0  0  0  0  0  0  0  0  0  0  0  0
    0.7716   -1.1393   -1.8230 O   0  0  0  0  0  1  0  0  0  0  0  0
    2.2716   -0.1932   -0.2748 C   0  0  0  0  0  0  0  0  0  0  0  0
    3.0691    0.7101   -1.2138 C   0  0  0  0  0  0  0  0  0  0  0  0
    2.9228   -1.5901   -0.2901 C   0  0  0  0  0  0  0  0  0  0  0  0
    2.3857    0.3369    1.0958 N   0  0  0  0  0  0  0  0  0  0  0  0
   -0.5322    1.3948    0.5792 C   0  0  0  0  0  0  0  0  0  0  0  0
   -0.6314    1.3844    2.1117 C   0  0  0  0  0  0  0  0  0  0  0  0
   -1.7638    2.1266    0.0130 C   0  0  0  0  0  0  0  0  0  0  0  0
    0.5622    2.3395    0.2595 N   0  0  0  0  0  0  0  0  0  0  0  0
   -2.1262   -3.0151   -0.2532 H   0  0  0  0  0  0  0  0  0  0  0  0
   -0.5145   -2.6695    0.3846 H   0  0  0  0  0  0  0  0  0  0  0  0
   -0.7968   -2.6636   -1.3564 H   0  0  0  0  0  0  0  0  0  0  0  0
   -2.9656    0.0857    1.1723 H   0  0  0  0  0  0  0  0  0  0  0  0
   -3.4064   -1.5489    0.7220 H   0  0  0  0  0  0  0  0  0  0  0  0
   -2.0456   -1.2741    1.8089 H   0  0  0  0  0  0  0  0  0  0  0  0
   -3.2204   -1.3509   -1.7000 H   0  0  0  0  0  0  0  0  0  0  0  0
   -1.8183   -0.5762   -2.4441 H   0  0  0  0  0  0  0  0  0  0  0  0
   -2.9549    0.3755   -1.4848 H   0  0  0  0  0  0  0  0  0  0  0  0
    2.7167    1.7413   -1.1877 H   0  0  0  0  0  0  0  0  0  0  0  0
    2.9951    0.3441   -2.2384 H   0  0  0  0  0  0  0  0  0  0  0  0
    4.1253    0.7064   -0.9292 H   0  0  0  0  0  0  0  0  0  0  0  0
    2.3299   -2.2902    0.3053 H   0  0  0  0  0  0  0  0  0  0  0  0
    3.0318   -1.9943   -1.2938 H   0  0  0  0  0  0  0  0  0  0  0  0
    3.9159   -1.5161    0.1604 H   0  0  0  0  0  0  0  0  0  0  0  0
    1.8090   -0.2351    1.7074 H   0  0  0  0  0  0  0  0  0  0  0  0
    3.3465    0.2106    1.4009 H   0  0  0  0  0  0  0  0  0  0  0  0
    0.2877    1.0001    2.5548 H   0  0  0  0  0  0  0  0  0  0  0  0
   -1.4567    0.7738    2.4686 H   0  0  0  0  0  0  0  0  0  0  0  0
   -0.7819    2.4025    2.4805 H   0  0  0  0  0  0  0  0  0  0  0  0
   -1.6614    2.2407   -1.0689 H   0  0  0  0  0  0  0  0  0  0  0  0
   -2.7147    1.6441    0.2112 H   0  0  0  0  0  0  0  0  0  0  0  0
   -1.7963    3.1251    0.4539 H   0  0  0  0  0  0  0  0  0  0  0  0
    0.6429    2.3793   -0.7534 H   0  0  0  0  0  0  0  0  0  0  0  0
    1.4262    1.9210    0.5950 H   0  0  0  0  0  0  0  0  0  0  0  0
  1  2  1  0
  2  3  1  0
  2  4  1  0
  2  5  1  0
  5  6  2  3
  6  7  1  0
  6  8  1  0
  8  9  1  0
  8 10  1  0
  8 11  1  0
  5 12  1  0
 12 13  1  0
 12 14  1  0
 12 15  1  0
  1 16  1  0
  1 17  1  0
  1 18  1  0
  3 19  1  0
  3 20  1  0
  3 21  1  0
  4 22  1  0
  4 23  1  0
  4 24  1  0
  9 25  1  0
  9 26  1  0
  9 27  1  0
 10 28  1  0
 10 29  1  0
 10 30  1  0
 11 31  1  0
 11 32  1  0
 13 33  1  0
 13 34  1  0
 13 35  1  0
 14 36  1  0
 14 37  1  0
 14 38  1  0
 15 39  1  0
 15 40  1  0
M  RAD  1   7   2
M  END
",2021-01-22 19:02:35.544814,2021-01-22 16:35:49.856749,/projects/rlmolecule/svss/Project-Redox/gaussain_redox_rl/log/13784_05ae72.log.gz,,r6i2n18,-656.763152,-657.08292502407,,,13784
471073,CC(C)(C)C([O])=C(C(C)(C)C)C(C)(C)C,reduced,4,finished,-624.561805,"13943
     RDKit          3D

 42 41  0  0  0  0  0  0  0  0999 V2000
    1.7557   -0.1150    2.0246 C   0  0  0  0  0  0  0  0  0  0  0  0
    2.1835    0.0754    0.5645 C   0  0  0  0  0  0  0  0  0  0  0  0
    3.0023    1.3597    0.3839 C   0  0  0  0  0  0  0  0  0  0  0  0
    3.1593   -1.0967    0.3147 C   0  0  0  0  0  0  0  0  0  0  0  0
    1.0631   -0.0854   -0.5289 C   0  0  0  0  0  0  0  0  0  0  0  0
    1.5870   -0.4088   -1.6756 O   0  0  0  0  0  1  0  0  0  0  0  0
   -0.3172   -0.0739   -0.3324 C   0  0  0  0  0  0  0  0  0  0  0  0
   -1.1492   -1.0401   -1.2351 C   0  0  0  0  0  0  0  0  0  0  0  0
   -2.3863   -1.5836   -0.4880 C   0  0  0  0  0  0  0  0  0  0  0  0
   -1.6063   -0.4595   -2.5893 C   0  0  0  0  0  0  0  0  0  0  0  0
   -0.3710   -2.3342   -1.5683 C   0  0  0  0  0  0  0  0  0  0  0  0
   -1.0580    0.9930    0.5248 C   0  0  0  0  0  0  0  0  0  0  0  0
   -2.2212    1.6317   -0.2755 C   0  0  0  0  0  0  0  0  0  0  0  0
   -0.1859    2.2322    0.8119 C   0  0  0  0  0  0  0  0  0  0  0  0
   -1.6463    0.5028    1.8643 C   0  0  0  0  0  0  0  0  0  0  0  0
    1.0969    0.6462    2.4233 H   0  0  0  0  0  0  0  0  0  0  0  0
    2.6491   -0.1242    2.6551 H   0  0  0  0  0  0  0  0  0  0  0  0
    1.2564   -1.0797    2.1469 H   0  0  0  0  0  0  0  0  0  0  0  0
    3.9162    1.3083    0.9831 H   0  0  0  0  0  0  0  0  0  0  0  0
    3.2980    1.4685   -0.6621 H   0  0  0  0  0  0  0  0  0  0  0  0
    2.4643    2.2588    0.6788 H   0  0  0  0  0  0  0  0  0  0  0  0
    2.6290   -2.0530    0.3155 H   0  0  0  0  0  0  0  0  0  0  0  0
    3.6810   -0.9981   -0.6339 H   0  0  0  0  0  0  0  0  0  0  0  0
    3.9026   -1.1216    1.1151 H   0  0  0  0  0  0  0  0  0  0  0  0
   -3.1025   -0.8312   -0.1761 H   0  0  0  0  0  0  0  0  0  0  0  0
   -2.0767   -2.1368    0.4031 H   0  0  0  0  0  0  0  0  0  0  0  0
   -2.9175   -2.2804   -1.1418 H   0  0  0  0  0  0  0  0  0  0  0  0
   -0.7522   -0.0590   -3.1395 H   0  0  0  0  0  0  0  0  0  0  0  0
   -2.0583   -1.2460   -3.2032 H   0  0  0  0  0  0  0  0  0  0  0  0
   -2.3435    0.3341   -2.4842 H   0  0  0  0  0  0  0  0  0  0  0  0
    0.1189   -2.7321   -0.6752 H   0  0  0  0  0  0  0  0  0  0  0  0
    0.3867   -2.1846   -2.3299 H   0  0  0  0  0  0  0  0  0  0  0  0
   -1.0724   -3.0900   -1.9314 H   0  0  0  0  0  0  0  0  0  0  0  0
   -2.6853    2.4041    0.3438 H   0  0  0  0  0  0  0  0  0  0  0  0
   -3.0061    0.9439   -0.5696 H   0  0  0  0  0  0  0  0  0  0  0  0
   -1.8423    2.1158   -1.1784 H   0  0  0  0  0  0  0  0  0  0  0  0
    0.6226    2.0667    1.5099 H   0  0  0  0  0  0  0  0  0  0  0  0
   -0.8151    3.0170    1.2404 H   0  0  0  0  0  0  0  0  0  0  0  0
    0.2441    2.6176   -0.1151 H   0  0  0  0  0  0  0  0  0  0  0  0
   -2.0511    1.3479    2.4306 H   0  0  0  0  0  0  0  0  0  0  0  0
   -0.8932    0.0165    2.4829 H   0  0  0  0  0  0  0  0  0  0  0  0
   -2.4594   -0.2063    1.7162 H   0  0  0  0  0  0  0  0  0  0  0  0
  1  2  1  0
  2  3  1  0
  2  4  1  0
  2  5  1  0
  5  6  1  0
  5  7  2  3
  7  8  1  0
  8  9  1  0
  8 10  1  0
  8 11  1  0
  7 12  1  0
 12 13  1  0
 12 14  1  0
 12 15  1  0
  1 16  1  0
  1 17  1  0
  1 18  1  0
  3 19  1  0
  3 20  1  0
  3 21  1  0
  4 22  1  0
  4 23  1  0
  4 24  1  0
  9 25  1  0
  9 26  1  0
  9 27  1  0
 10 28  1  0
 10 29  1  0
 10 30  1  0
 11 31  1  0
 11 32  1  0
 11 33  1  0
 13 34  1  0
 13 35  1  0
 13 36  1  0
 14 37  1  0
 14 38  1  0
 14 39  1  0
 15 40  1  0
 15 41  1  0
 15 42  1  0
M  RAD  1   6   2
M  END
",2021-01-23 01:17:38.733804,2021-01-22 22:36:33.238821,/projects/rlmolecule/svss/Project-Redox/gaussain_redox_rl/log/13943_d37a61.log.gz,,r3i6n21,-624.623702,-624.9641556091988,,,13943
867095,CC(C)(C)C([O])=C(C(C)(C)C)C(C)(N)N,reduced,4,finished,-656.701056,"13955
     RDKit          3D

 40 39  0  0  0  0  0  0  0  0999 V2000
    2.1894    1.2357   -0.8486 C   0  0  0  0  0  0  0  0  0  0  0  0
    2.2041    0.0822    0.1561 C   0  0  0  0  0  0  0  0  0  0  0  0
    2.9034    0.5160    1.4479 C   0  0  0  0  0  0  0  0  0  0  0  0
    3.0887   -0.9994   -0.5019 C   0  0  0  0  0  0  0  0  0  0  0  0
    0.8307   -0.6192    0.4501 C   0  0  0  0  0  0  0  0  0  0  0  0
    1.0100   -1.8072    0.9462 O   0  0  0  0  0  1  0  0  0  0  0  0
   -0.4430   -0.1650    0.1057 C   0  0  0  0  0  0  0  0  0  0  0  0
   -1.5104   -1.2466   -0.2377 C   0  0  0  0  0  0  0  0  0  0  0  0
   -2.5634   -0.7169   -1.2312 C   0  0  0  0  0  0  0  0  0  0  0  0
   -0.8879   -2.4411   -0.9938 C   0  0  0  0  0  0  0  0  0  0  0  0
   -2.2588   -1.8258    0.9786 C   0  0  0  0  0  0  0  0  0  0  0  0
   -0.9030    1.2974    0.2879 C   0  0  0  0  0  0  0  0  0  0  0  0
   -1.0996    2.1413   -0.9781 C   0  0  0  0  0  0  0  0  0  0  0  0
   -2.2264    1.2944    0.9722 N   0  0  0  0  0  0  0  0  0  0  0  0
    0.0650    2.0278    1.1273 N   0  0  0  0  0  0  0  0  0  0  0  0
    1.6551    2.1006   -0.4753 H   0  0  0  0  0  0  0  0  0  0  0  0
    3.2206    1.5312   -1.0632 H   0  0  0  0  0  0  0  0  0  0  0  0
    1.7362    0.9189   -1.7918 H   0  0  0  0  0  0  0  0  0  0  0  0
    2.9025   -0.2981    2.1762 H   0  0  0  0  0  0  0  0  0  0  0  0
    3.9459    0.7777    1.2432 H   0  0  0  0  0  0  0  0  0  0  0  0
    2.4205    1.3837    1.8959 H   0  0  0  0  0  0  0  0  0  0  0  0
    3.3313   -1.8077    0.1845 H   0  0  0  0  0  0  0  0  0  0  0  0
    2.5914   -1.4306   -1.3756 H   0  0  0  0  0  0  0  0  0  0  0  0
    4.0235   -0.5437   -0.8369 H   0  0  0  0  0  0  0  0  0  0  0  0
   -3.2774   -1.5164   -1.4477 H   0  0  0  0  0  0  0  0  0  0  0  0
   -3.1127    0.1345   -0.8433 H   0  0  0  0  0  0  0  0  0  0  0  0
   -2.0930   -0.4330   -2.1768 H   0  0  0  0  0  0  0  0  0  0  0  0
   -0.3014   -3.0895   -0.3515 H   0  0  0  0  0  0  0  0  0  0  0  0
   -0.2418   -2.0895   -1.8033 H   0  0  0  0  0  0  0  0  0  0  0  0
   -1.6874   -3.0390   -1.4395 H   0  0  0  0  0  0  0  0  0  0  0  0
   -1.5568   -2.1859    1.7328 H   0  0  0  0  0  0  0  0  0  0  0  0
   -2.9130   -1.0874    1.4402 H   0  0  0  0  0  0  0  0  0  0  0  0
   -2.8826   -2.6724    0.6722 H   0  0  0  0  0  0  0  0  0  0  0  0
   -1.3862    3.1609   -0.6983 H   0  0  0  0  0  0  0  0  0  0  0  0
   -1.8874    1.7343   -1.6060 H   0  0  0  0  0  0  0  0  0  0  0  0
   -0.1830    2.1942   -1.5602 H   0  0  0  0  0  0  0  0  0  0  0  0
   -2.1049    0.8213    1.8639 H   0  0  0  0  0  0  0  0  0  0  0  0
   -2.4321    2.2651    1.1992 H   0  0  0  0  0  0  0  0  0  0  0  0
   -0.3730    2.9039    1.4007 H   0  0  0  0  0  0  0  0  0  0  0  0
    0.2067    1.4936    1.9799 H   0  0  0  0  0  0  0  0  0  0  0  0
  1  2  1  0
  2  3  1  0
  2  4  1  0
  2  5  1  0
  5  6  1  0
  5  7  2  3
  7  8  1  0
  8  9  1  0
  8 10  1  0
  8 11  1  0
  7 12  1  0
 12 13  1  0
 12 14  1  0
 12 15  1  0
  1 16  1  0
  1 17  1  0
  1 18  1  0
  3 19  1  0
  3 20  1  0
  3 21  1  0
  4 22  1  0
  4 23  1  0
  4 24  1  0
  9 25  1  0
  9 26  1  0
  9 27  1  0
 10 28  1  0
 10 29  1  0
 10 30  1  0
 11 31  1  0
 11 32  1  0
 11 33  1  0
 13 34  1  0
 13 35  1  0
 13 36  1  0
 14 37  1  0
 14 38  1  0
 15 39  1  0
 15 40  1  0
M  RAD  1   6   2
M  END
",2021-01-23 01:33:42.647600,2021-01-22 23:07:45.284342,/projects/rlmolecule/svss/Project-Redox/gaussain_redox_rl/log/13955_e720ee.log.gz,,r3i0n15,-656.762096,-657.0808055962345,,,13955
845228,CC(C)(C)C([O])=C(C(C)(C)N)C(C)(C)N,reduced,4,finished,-656.697191,"13958
     RDKit          3D

 40 39  0  0  0  0  0  0  0  0999 V2000
    2.2897    0.6159   -1.1944 C   0  0  0  0  0  0  0  0  0  0  0  0
    2.1973    0.0398    0.2199 C   0  0  0  0  0  0  0  0  0  0  0  0
    3.0900   -1.2192    0.1888 C   0  0  0  0  0  0  0  0  0  0  0  0
    2.8229    1.0056    1.2323 C   0  0  0  0  0  0  0  0  0  0  0  0
    0.7805   -0.4513    0.6832 C   0  0  0  0  0  0  0  0  0  0  0  0
    0.8820   -1.3390    1.6296 O   0  0  0  0  0  1  0  0  0  0  0  0
   -0.4534   -0.1413    0.1156 C   0  0  0  0  0  0  0  0  0  0  0  0
   -1.5580   -1.2326    0.2120 C   0  0  0  0  0  0  0  0  0  0  0  0
   -2.4056   -1.2115    1.4924 C   0  0  0  0  0  0  0  0  0  0  0  0
   -0.9901   -2.6628    0.0803 C   0  0  0  0  0  0  0  0  0  0  0  0
   -2.5006   -1.0607   -0.9290 N   0  0  0  0  0  0  0  0  0  0  0  0
   -0.8566    1.2655   -0.3928 C   0  0  0  0  0  0  0  0  0  0  0  0
   -2.2166    1.7070    0.1911 C   0  0  0  0  0  0  0  0  0  0  0  0
   -0.9470    1.4351   -1.9193 C   0  0  0  0  0  0  0  0  0  0  0  0
    0.1210    2.2756    0.0854 N   0  0  0  0  0  0  0  0  0  0  0  0
    3.3400    0.8104   -1.4312 H   0  0  0  0  0  0  0  0  0  0  0  0
    1.7367    1.5406   -1.2981 H   0  0  0  0  0  0  0  0  0  0  0  0
    1.9159   -0.1050   -1.9269 H   0  0  0  0  0  0  0  0  0  0  0  0
    4.0590   -0.9596   -0.2442 H   0  0  0  0  0  0  0  0  0  0  0  0
    3.2604   -1.6293    1.1816 H   0  0  0  0  0  0  0  0  0  0  0  0
    2.6418   -2.0009   -0.4312 H   0  0  0  0  0  0  0  0  0  0  0  0
    2.3615    1.9910    1.1928 H   0  0  0  0  0  0  0  0  0  0  0  0
    3.8911    1.1254    1.0272 H   0  0  0  0  0  0  0  0  0  0  0  0
    2.7221    0.6125    2.2468 H   0  0  0  0  0  0  0  0  0  0  0  0
   -3.1160   -2.0454    1.4848 H   0  0  0  0  0  0  0  0  0  0  0  0
   -1.7667   -1.3244    2.3691 H   0  0  0  0  0  0  0  0  0  0  0  0
   -2.9743   -0.2905    1.5949 H   0  0  0  0  0  0  0  0  0  0  0  0
   -1.8172   -3.3389   -0.1526 H   0  0  0  0  0  0  0  0  0  0  0  0
   -0.5072   -3.0221    0.9828 H   0  0  0  0  0  0  0  0  0  0  0  0
   -0.2703   -2.7134   -0.7415 H   0  0  0  0  0  0  0  0  0  0  0  0
   -3.1317   -1.8578   -0.9098 H   0  0  0  0  0  0  0  0  0  0  0  0
   -1.9655   -1.1609   -1.7885 H   0  0  0  0  0  0  0  0  0  0  0  0
   -2.1634    1.7385    1.2816 H   0  0  0  0  0  0  0  0  0  0  0  0
   -3.0390    1.0664   -0.1090 H   0  0  0  0  0  0  0  0  0  0  0  0
   -2.4202    2.7233   -0.1609 H   0  0  0  0  0  0  0  0  0  0  0  0
   -0.0571    1.0594   -2.4212 H   0  0  0  0  0  0  0  0  0  0  0  0
   -1.0573    2.4958   -2.1676 H   0  0  0  0  0  0  0  0  0  0  0  0
   -1.8154    0.9127   -2.3159 H   0  0  0  0  0  0  0  0  0  0  0  0
   -0.3055    3.1893   -0.0476 H   0  0  0  0  0  0  0  0  0  0  0  0
    0.2230    2.1570    1.0895 H   0  0  0  0  0  0  0  0  0  0  0  0
  1  2  1  0
  2  3  1  0
  2  4  1  0
  2  5  1  0
  5  6  1  0
  5  7  2  3
  7  8  1  0
  8  9  1  0
  8 10  1  0
  8 11  1  0
  7 12  1  0
 12 13  1  0
 12 14  1  0
 12 15  1  0
  1 16  1  0
  1 17  1  0
  1 18  1  0
  3 19  1  0
  3 20  1  0
  3 21  1  0
  4 22  1  0
  4 23  1  0
  4 24  1  0
  9 25  1  0
  9 26  1  0
  9 27  1  0
 10 28  1  0
 10 29  1  0
 10 30  1  0
 11 31  1  0
 11 32  1  0
 13 33  1  0
 13 34  1  0
 13 35  1  0
 14 36  1  0
 14 37  1  0
 14 38  1  0
 15 39  1  0
 15 40  1  0
M  RAD  1   6   2
M  END
",2021-01-23 01:53:37.331191,2021-01-22 23:09:32.021835,/projects/rlmolecule/svss/Project-Redox/gaussain_redox_rl/log/13958_c3befc.log.gz,,r5i2n7,-656.757911,-657.0771215442585,,,13958
828694,CC1=CCC[CH]C(C(C)(C)C)=C1C(O)=S,reduced,4,finished,-979.973071,"16871
     RDKit          3D

 34 34  0  0  0  0  0  0  0  0999 V2000
   -1.8520    0.8390    2.2714 C   0  0  0  0  0  0  0  0  0  0  0  0
   -1.8005    0.5816    0.7944 C   0  0  0  0  0  0  0  0  0  0  0  0
   -2.7952    0.0152    0.1095 C   0  0  0  0  0  0  0  0  0  0  0  0
   -2.6691   -0.2417   -1.3680 C   0  0  0  0  0  0  0  0  0  0  0  0
   -1.6776   -1.3633   -1.6908 C   0  0  0  0  0  0  0  0  0  0  0  0
   -0.2780   -1.2328   -1.1505 C   0  0  0  0  0  3  0  0  0  0  0  0
    0.2623   -0.2718   -0.3907 C   0  0  0  0  0  0  0  0  0  0  0  0
    1.7122   -0.4652    0.1290 C   0  0  0  0  0  0  0  0  0  0  0  0
    2.7154   -0.4354   -1.0295 C   0  0  0  0  0  0  0  0  0  0  0  0
    1.8248   -1.8285    0.8311 C   0  0  0  0  0  0  0  0  0  0  0  0
    2.1096    0.5903    1.1647 C   0  0  0  0  0  0  0  0  0  0  0  0
   -0.5420    0.9031    0.0635 C   0  0  0  0  0  0  0  0  0  0  0  0
   -0.2491    2.1727   -0.2845 C   0  0  0  0  0  0  0  0  0  0  0  0
    0.8539    2.3474   -1.1205 O   0  0  0  0  0  0  0  0  0  0  0  0
   -1.1004    3.6319    0.1105 S   0  0  0  0  0  0  0  0  0  0  0  0
   -1.6153    1.8856    2.4755 H   0  0  0  0  0  0  0  0  0  0  0  0
   -2.8343    0.6088    2.6876 H   0  0  0  0  0  0  0  0  0  0  0  0
   -1.1045    0.2301    2.7896 H   0  0  0  0  0  0  0  0  0  0  0  0
   -3.7072   -0.2854    0.6188 H   0  0  0  0  0  0  0  0  0  0  0  0
   -2.3423    0.6761   -1.8671 H   0  0  0  0  0  0  0  0  0  0  0  0
   -3.6385   -0.5082   -1.7917 H   0  0  0  0  0  0  0  0  0  0  0  0
   -1.6227   -1.4908   -2.7774 H   0  0  0  0  0  0  0  0  0  0  0  0
   -2.0839   -2.3096   -1.3124 H   0  0  0  0  0  0  0  0  0  0  0  0
    0.3467   -2.0884   -1.3978 H   0  0  0  0  0  0  0  0  0  0  0  0
    2.4931   -1.2192   -1.7562 H   0  0  0  0  0  0  0  0  0  0  0  0
    3.7287   -0.6008   -0.6536 H   0  0  0  0  0  0  0  0  0  0  0  0
    2.6963    0.5248   -1.5464 H   0  0  0  0  0  0  0  0  0  0  0  0
    1.6474   -2.6575    0.1459 H   0  0  0  0  0  0  0  0  0  0  0  0
    1.1033   -1.9013    1.6487 H   0  0  0  0  0  0  0  0  0  0  0  0
    2.8271   -1.9491    1.2502 H   0  0  0  0  0  0  0  0  0  0  0  0
    2.1003    1.5980    0.7538 H   0  0  0  0  0  0  0  0  0  0  0  0
    3.1202    0.3761    1.5209 H   0  0  0  0  0  0  0  0  0  0  0  0
    1.4382    0.5666    2.0261 H   0  0  0  0  0  0  0  0  0  0  0  0
    0.9332    3.3017   -1.2540 H   0  0  0  0  0  0  0  0  0  0  0  0
  1  2  1  0
  2  3  2  0
  3  4  1  0
  4  5  1  0
  5  6  1  0
  6  7  1  0
  7  8  1  0
  8  9  1  0
  8 10  1  0
  8 11  1  0
  7 12  2  0
 12 13  1  0
 13 14  1  0
 13 15  2  0
 12  2  1  0
  1 16  1  0
  1 17  1  0
  1 18  1  0
  3 19  1  0
  4 20  1  0
  4 21  1  0
  5 22  1  0
  5 23  1  0
  6 24  1  0
  9 25  1  0
  9 26  1  0
  9 27  1  0
 10 28  1  0
 10 29  1  0
 10 30  1  0
 11 31  1  0
 11 32  1  0
 11 33  1  0
 14 34  1  0
M  RAD  1   6   2
M  END
",2021-01-25 22:19:00.734553,2021-01-25 19:15:07.647873,/projects/rlmolecule/svss/Project-Redox/gaussain_redox_rl/log/16871_6cde9c.log.gz,,r6i7n3,-980.032213,-980.2815555619699,,,16871
